DocType: Abschlussbericht,"Zurück zum Mandat","Retour au Mandat"
DocType: Abschlussbericht,"Arbeitszeit erfassen","Enregister le temps de travail"
DocType: Abschlussbericht,"Erfassen","Enregistrer"
DocType: Abschlussbericht,"<div><h4>Kein verknüpftes Mandat</h4><p>","<div><h4> Pas de Mandat lié</h4><p>"
DocType: Abschlussbericht,"Adressat","Destinataire"
DocType: Abschlussbericht,"Empfänger","Réception par:"
DocType: Abschlussbericht,"Kontakt","Contact"
DocType: Abschlussbericht,"Adresse","Adresse"
DocType: Abschlussbericht,"Textkonserve","Modèle de texte"
DocType: Abschlussbericht,"Brieftext","Texte contenu dans la lettre"
DocType: Abschlussbericht,"Fusszeile","Pied de page"
DocType: Abschlussbericht,"Referenzen","Référence"
DocType: Abschlussbericht,"Mandat","Mandat"
apps/spo/spo/spo/report/alle_anfragen/alle_anfragen.py,"Datum","Date"
apps/spo/spo/spo/report/alle_anfragen/alle_anfragen.py,"Vorname","Prénom"
apps/spo/spo/spo/report/alle_anfragen/alle_anfragen.py,"Nachname","Nom de famille"
apps/spo/spo/spo/report/alle_anfragen/alle_anfragen.py,"Wohnort","Lieu de résidence"
apps/spo/spo/spo/report/alle_anfragen/alle_anfragen.py,"Kanton","Canton"
apps/spo/spo/spo/report/alle_anfragen/alle_anfragen.py,"Erstellt von","Etabli par"
apps/spo/spo/spo/report/alle_anfragen/alle_anfragen.py,"Zuletzt bearbeitet von","Dernière modification"
apps/spo/spo/spo/report/alle_mandate_in_arbeit/alle_mandate_in_arbeit.py,"Mandat","Mandat"
apps/spo/spo/spo/report/alle_mandate_in_arbeit/alle_mandate_in_arbeit.py,"Vorname","Prénom"
apps/spo/spo/spo/report/alle_mandate_in_arbeit/alle_mandate_in_arbeit.py,"Nachname","Nom de famille"
apps/spo/spo/spo/report/alle_mandate_in_arbeit/alle_mandate_in_arbeit.py,"Auftraggeber","Mandant"
apps/spo/spo/spo/report/alle_mandate_in_arbeit/alle_mandate_in_arbeit.py,"Referenzen Angehörige","Référence parenté"
apps/spo/spo/spo/report/alle_mandate_in_arbeit/alle_mandate_in_arbeit.py,"Beraterin","Conseillère"
DocType: Anforderung Patientendossier,"<p>Sehr geehrter Herr Dr. Chaksad</p><br><p>Herr M. … wandte sich an die Stiftung SPO Patientenschutz und bat uns für ihn folgende Unterlagen zu verlangen:</p><br><ul><li><b>vollständiges Patientendossier seit 21.11.2016 mit:</b><ul><li>Verlaufsberichte Chemotherapie (ambulant und stationär)</li><li>Untersuchungsberichte / Konsiliarberichte (Medizin/Chirurgie)</li><li>Pflegedokumentation (Pflegebericht, Überwachungsblätter und Kardex)</li><li>Verordnungsblätter</li><li>Laborbefunde, Ultrschallberichte, Röntgenbefunde und Röntgenbilder auf CD</li><li>Verlegungsbericht Onkologie -> Viszeralchirurgie.</li></ul></li></ul><br><p>Wir danken Ihnen für die baldige Zusendung.</p><br><p>Freundliche Grüsse</p>","<p> Cher Docteur Chaksad</p><br><p>Monsieur M. …c'est adressé à l'Organisation Suisse des Patients afin d'effectuer les demandes de documents en son nom.:</p><br><ul><li><b>Il s'agit de son dossier médical complet depuis le 21.11.2016 avec:</b><ul><li>l'anamnèse complète concernant la chimiothérapie (traitement ambulatoire et hospitalisation</li><li>Les rapports de consultations  (Médecine et chirurgie</li><li>Dossier infirmier, (observations,tabelles de température er de tension artèrielle,ordres médicaux. ) </li><li>Résultats de laboratoire, ultrasons et radiographies sur CD</li><li>les rapports d'oncologie ->  et de chirurgie vicérale.</li></ul></li></ul><br><p>nous vous remercions de nous les faire parvenir rapidement .</p><br><p>En attendant votre envoi, Recevez, Cher Docteur nos cordiales Salutations</p>"
DocType: Anforderung Patientendossier,"<p>Sehr geehrter Herr Professor Müller</p><br><p>Mit Schreiben vom 1. Januar 2012 haben wir im Auftrag von Herrn Muster von Ihnen verlangt, uns das Patientendossier betreffend Eingriff vom 1. Februar 2010 herauszugeben.</p><br><p>Leider haben wir die gewünschten Unterlagen noch nicht erhalten. Wir bitten Sie deshalb nochmals höflich, uns <b>das gesamte Patientendossier</b> umgehend zuzustellen.</p><p>Evtl. zusätzlich: Sollten die Unterlagen bis Ende des Monats nicht bei uns eintreffen, sehen wir uns gezwungen, für die Herausgabe der Akten den Kantonsarzt um Unterstützung zu bitten.</p><p>Freundliche Grüsse</p>","<p>Monsieur le professeur Müller</p><br><p>Par notre courrier du 1er janvier 2012, nous vous avons,  à la demande de Monsieur  Muster demandé son dossier médical complet concernant l'opération du 1er février 2010 .</p><br><p>Malheureusement, nous n'avons à ce jour pas reçu les documents demandés. Nous réitérons donc ici <b>notre demande de dossier médical complet</b>Nous vous prions de nous le faire parvenir immédiatement.</p><p>Evtl.  Si les documents demandés ne nous sont pas parvenus d'ici la fin du mois, nous seront dans l'obligation de demander son soutient au médecin cantonal afin d'obtenir ce dossier médical complet.</p><p> Recevez, Monsieur le professeur nos salutations les meilleures </p>"
DocType: Anforderung Patientendossier,"<p>Sehr geehrter Herr Prof.</p><br><p>Wir kommen zurück auf unsere beiden Schreiben vom 1. Januar und 1. Februar 2012, mit denen wir Sie im Auftrag von Herrn Muster darum ersucht haben, uns die gesamte Krankengeschichte zuzustellen.</p><br><p>Bis heute haben wir von Ihnen die gewünschten Unterlagen nicht erhalten. Wir bitten Sie deshalb ein drittes Mal, um die umgehende Zusendung der uns zustehenden Akten.</p><br><p>Sollten wir die gewünschten medizinischen Unterlagen bis <b>spätestens Mitte April 2012</b> immer noch nicht erhalten haben, sehen wir uns leider gezwungen, einen externen Rechtsanwalt zu beauftragen, die Herausgabe der Krankengeschichte auf dem Rechtsweg zu erwirken, unter Kostenfolgen zu Ihren Lasten.</p><p>Freundliche Grüsse</p>","<p>Monsieur le Professeur.</p><br><p>Nous revenons à propos  nos courriers du 1er janvier et du 1er février 2012. Par ces courriers et mandatés par Monsieur Muster nous vous avions demandé de nous faire parvenir son dossier médical complet.</p><br><p>A ce jour nous n'avons toujours pas reçu les documents demandés.Pour la troisième fois, nous réitérons notre demande de nous faire parvenir le dossier médical complet de Monsieur Muster.</p><br><p>Si les documents demandés ne nous sont pas parvenus  <b>d'ici  mi avril 2012</b> nous serions dans l'obligation de faire appel à un avocat externe afin qu'il se procure ce Dossier médical par le voie Juridique, les consèquences financières en seront à votre charge.</p><p>Meilleures salutations</p>"
DocType: Anforderung Patientendossier,"Arbeitszeit erfassen","Enregistrer temps de travail"
DocType: Anforderung Patientendossier,"Erfassen","Enregistrer"
DocType: Anforderung Patientendossier,"Adressat","Destinataire"
DocType: Anforderung Patientendossier,"Spital","Hôpital"
DocType: Anforderung Patientendossier,"Kontakt","Contact"
DocType: Anforderung Patientendossier,"Adresse","Adresse"
DocType: Anforderung Patientendossier,"2. Forderung","2eme demande"
DocType: Anforderung Patientendossier,"3. Forderung","3eme demande"
DocType: Anforderung Patientendossier,"Titelzeile"," Ligne deTitre"
DocType: Anforderung Patientendossier,"Textbaustein","Modèle de texte"
DocType: Anforderung Patientendossier,"Brieftext","Contenu de la lettre"
DocType: Anforderung Patientendossier,"Fusszeile","Pied de page"
DocType: Anforderung Patientendossier,"Referenzen","Références"
DocType: Anforderung Patientendossier,"Mandat","Mandat"
DocType: Anforderung Patientendossier,"Kunde","Client"
DocType: Anforderung Patientendossier,"Kontakt","Contact"
DocType: Anforderung Patientendossier,"Adresse","Adresse"
DocType: Anfrage,"Sonstiges","Autres"
DocType: Anfrage,"Mandat","Mandat"
DocType: Anfrage,"Keine Mitgliedschaft hinterlegt","Pas d'adhésion déposée"
DocType: Anfrage,"Bitte tragen Sie mindestens noch folgende Daten ein:<br>","Veuillez, s'il vous plait entrer les données suivantes<br>"
DocType: Anfrage,"Fehlende Daten","Les données manquantes"
DocType: Anfrage,"Das Mitglied <b>","Le membre/ la membre<b>"
DocType: Anfrage,"</b> wurde angelegt<br><br>Bitte erfassen Sie noch die entsprechende Mitgliedschaft.","</b> créé<br><br>Veuillez enregistrer l'adhésion correspondante."
DocType: Anfrage,"Mitglied wurde angelegt","L'adhésion de ce membre a été crée"
DocType: Anfrage,"Zu dieser Anfrage wurde bereits ein Mandat eröffnet.<br><br>Soll das/die Mandat(e) angezeigt werden?","A la suite de cette demande un Mandat à été ouvert<br><br>Est-ce que ce/ces Mandat(s) doit(vent) être affichés?"
DocType: Anfrage,"Bitte tragen Sie zuerst einen Kunden ein.","Veuillez entrer un client"
DocType: Anfrage,"Fehlender Kunde","Client manque"
DocType: Anfrage,"<b>Achtung!</b><br>Das Mitglied besitzt mehere gültige Mitgliedschaften, bitte prüfen Sie die autom. Selektion!","<b>Attention!</b><br>Le membre posséde plusieurs adhésions valables, veuillez examinez la selection automatique!"
DocType: Anfrage,"Mehrere gültige Mitgliedschaften","Plusieurs adhésions valables"
DocType: Anfrage,"<b>Achtung!</b><br>Das Mitglied besitzt keine gültige Mitgliedschaft!","<b>Attention!</b><br>Le membre n'a pas d'adhésion valable."
DocType: Anfrage,"Keine gültige Mitgliedschaft","Pas d'adhésion valable"
DocType: Anfrage,"Die hinterlegte Mitgliedschaft ist abgelaufen!","L'adhesion de ce membre est échue"
DocType: Anfrage,"Achtung","Attention"
DocType: Anfrage,"Verwendet","Utilisé"
DocType: Anfrage,"Ausstehend","En attente"
DocType: Anfrage,"Zeitauswertung (in min)","Evaluation du temps (en minutes)"
DocType: Anfrage,"Es wurde noch keine Mitgliederrechnung erstellt!","La facture d'adhésion n'a pas encore été établie."
DocType: Anfrage,"Die Mitgliederrechnung wurde bezahlt.","La facture d'adhésion a été payée"
DocType: Anfrage,"Die Mitgliederrechnung ist unbezahlt!","La facture d'adhésion n'a pas encore été payée."
DocType: Anfrage,"Mitglied seit","Membre depuis"
DocType: Anfrage,"Mitgliedschaft","Adhésion"
DocType: Anfrage,"Start","Début"
DocType: Anfrage,"Ende","Fin"
DocType: Anfrage,"Übersicht der Mitgliedschaften","Aperçu des adhésions"
DocType: Anfrage,"Hotline","Hotline"
DocType: Anfrage,"Medien Anfrage","Demande des Médias"
DocType: Anfrage,"Telefon","Téléphone"
DocType: Anfrage,"Mandats Anfrage","Demande de Mandat"
DocType: Anfrage,"Krankenkasse (Grundversicherung)","Assurance maladie (base)"
DocType: Anfrage,"Bitte folgende Änderungen in den Stammdaten vornehmen:","Veuillez enregister les changements suivants dans les données de base."
DocType: Anfrage,"<p>Sollen folgende Änderungen der zuständigen Abteilung zur Verarbeitung übergeben werden?</p>","<p>Les modifications suivantes doivent-elles être soumise au service de maintenance?</p>"
DocType: Anfrage,"Die Stammdaten Änderung wurde zugewiesen.","Les données ont été modifiées par défaut."
DocType: Anfrage,"Zuweisung erfolgreich","Affectation effectuée"
DocType: Anfrage,"Bitte Kundenstamm anlegen.","Créer une fiche client"
DocType: Anfrage,"Die Stammdaten Anlage wurde zugewiesen.","Les données de base ont été attribuées."
DocType: Anfrage,"Zuweisung erfolgreich","Affectation attribuée"
DocType: Anfrage,"Arbeitszeit erfassen","Enregistrer le temps de travail"
DocType: Anfrage,"Erfassen","Enregistrer"
DocType: Anfrage,"Sie können nur Ihre eigene Timesheets bearbeiten.","Vous ne pouvez modifier que votre Timesheet."
DocType: Anfrage,"Nicht Ihr Timesheet","Ce n'est pas votre Timesheet"
DocType: Anfrage,"Vollständige Treffer","Resultat complet"
DocType: Anfrage,"<div><p>Keine vollständige Treffer</p></div>","<div><p>Pas résultat complet</p></div>"
DocType: Anfrage,"<div><p>Keine zutreffende Kontakte</p></div>","<div><p>Pas de contact associé</p></div>"
DocType: Anfrage,"Zutreffende Kontakte","Contact associé"
DocType: Anfrage,"<div><p>Keine zutreffende Adressen</p></div>","<div><p>Pas d'adresse valable</p></div>"
DocType: Anfrage,"Daten übernehmen","Adopter les données"
DocType: Anfrage,"Zutreffende Adressen","Adresse valable"
DocType: Anfrage,"Anfragen Typisierung","Détailler la demande"
DocType: Anfrage,"Anfrage Typ","Type de demande"
DocType: Anfrage,"SPO als Ombudsstelle","OSP fonctionne comme un ombudsmann"
DocType: Anfrage,"Ombudstelle von","Ombudsmann de"
DocType: Anfrage,"Spital","Hôpital"
DocType: Anfrage,"Grund der Beratung","Raison de la consultation"
DocType: Anfrage,"Name Therapeut","Nom du thérapeute"
DocType: Anfrage,"Ort Therapeut","Adresse du thérapeute"
DocType: Anfrage,"Resultat","Résultat"
DocType: Anfrage,"Problem","Problème"
DocType: Anfrage,"Alter","Âge"
DocType: Anfrage,"Geschlecht","Masculin/Féminin"
DocType: Anfrage,"Bezeichung Methode Komplementär- und Alternativmedizin","Descriptif de la méthode, Médecine complèmentaire,Médecine alternative"
DocType: Anfrage,"Hotline","Hotline"
DocType: Anfrage,"Sonstiges","Autres"
DocType: Anfrage,"Mandats Anfrage","Demande de Mandat"
DocType: Anfrage,"Medien Anfrage","Demande des Médias"
DocType: Anfrage,"Nein","Non"
DocType: Anfrage,"Ja","Oui"
DocType: Anfrage,"Medbase","Medbase"
DocType: Anfrage,"Monvia","Monvia"
DocType: Anfrage,"Spital Leuggern (ASANA)","Hôptal Leuggern (ASANA)"
DocType: Anfrage,"Spital Menziken (ASANA)","Hôpital Menziken (ASANA)"
DocType: Anfrage,"Z-Med","Z-Med "
DocType: Anfrage,"GD St. Gallen","Département de la santé St. Gallen"
DocType: Anfrage,"EMR","EMR"
DocType: Anfrage,"Gelöst","Résolu"
DocType: Anfrage,"Teilweise gelöst","Résolu partiellement"
DocType: Anfrage,"Nicht gelöst","Non résolu"
DocType: Anfrage,"Männlich","Masculin"
DocType: Anfrage,"Weiblich","Féminin"
DocType: Anfrage,"Anderes","autres"
DocType: Anfrage,"Kontakt via","Contact par"
DocType: Anfrage,"Telefon","Téléphone"
DocType: Anfrage,"Brief","Lettre "
DocType: Anfrage,"Mail","Courriel"
DocType: Anfrage,"Rechtsanwalt","Avocat"
DocType: Anfrage,"Rechtsschutzversicherung","Protection Juridique"
DocType: Anfrage,"persönliche Beratung","Consultation"
DocType: Anfrage,"Problematik","Problèmatique"
DocType: Anfrage,"Arzt: Honorar","Honoraires Médecin"
DocType: Anfrage,"Arzt: Aufklärung","Explications du médecin"
DocType: Anfrage,"Arzt: Zeugnis/KG","Rapport du médecin"
DocType: Anfrage,"Arzt: Behandlung","Médecin: traitement"
DocType: Anfrage,"Arzt: mögl. Behandlungsfehler","Médecin: suspicion d'erreur médicale ou de négligence médicale."
DocType: Anfrage,"ZA: Honorar","Honoraires dentiste"
DocType: Anfrage,"ZA: Behandlung","Traitement du dentiste"
DocType: Anfrage,"ZA: mögl. Behandlungsfehler","Dentiste: suspicion d'erreur médicale ou de négligence médicale."
DocType: Anfrage,"ZA: KG/Info","Dentiste: Dossier  patient/info"
DocType: Anfrage,"Psychiatrie","Psychiatrie"
DocType: Anfrage,"Spital/Heim/Leistungszentrum","Hôpital/EMS/Prestataire de soins"
DocType: Anfrage,"Pflege","Soins"
DocType: Anfrage,"SPITEX","SPITEX/Soins à domicile"
DocType: Anfrage,"Therapie/Arznei","Traitement/médicaments"
DocType: Anfrage,"Sterben","Décés"
DocType: Anfrage,"Krankenkasse (Grundversicherung)","Assurance maladie (base)"
DocType: Anfrage,"SUVA/EMV/IV/UVG","SUVA/AM/AI/LAA"
DocType: Anfrage,"Zusatz- / Sonstige Versicherung","Assurance complémentaire/Autre assurance."
DocType: Anfrage,"allg. Information","Information générale"
DocType: Anfrage,"Adressen","Adresses"
DocType: Anfrage,"Bestellung","Commande"
DocType: Anfrage,"Bestellung von","Commande de:"
DocType: Anfrage,"Fachgebiet","Domaine/ Spécialité"
DocType: Anfrage,"Anästhesie","Anesthésie"
DocType: Anfrage,"Chirurgie","Chirurgie"
DocType: Anfrage,"Gynäkologie","Gynécologie"
DocType: Anfrage,"Orthopädie","Orthopédie"
DocType: Anfrage,"Medizin","Medecine"
DocType: Anfrage,"Komplementärmedizin","Medecine complémentaire"
DocType: Anfrage,"Andere","Autres"
DocType: Anfrage,"Sterben","Décés"
DocType: Anfrage,"Sterben PV","Directives Anticipées (DA) /Décés"
DocType: Anfrage,"Sterben ACP","Décés ACP"
DocType: Anfrage,"Name der Versicherung","Nom de l'assurance"
DocType: Anfrage,"Anonym","Anonyme"
DocType: Anfrage,"Anfrage Datum","Date de la demande"
DocType: Anfrage,"Anfrage im Zusammenhang mit einem Todesfall?","Demande en lien avec un décés"
DocType: Anfrage,"Anfrage im Zusammenhang mit urteilsunfähiger Person?","Demande en lien avec une presonne incapable de discernement?"
DocType: Anfrage,"Angaben zum Kunden","Données du client"
DocType: Anfrage,"Kontaktdaten suchen","Recherche des coordonnées"
DocType: Anfrage,"Vorname","Prénom"
DocType: Anfrage,"Nachname","Nom"
DocType: Anfrage,"Geburtsdatum","Date de naissance"
DocType: Anfrage,"Telefon","Téléphone"
DocType: Anfrage,"Mobile","Téléphone portable"
DocType: Anfrage,"E-Mail","E-Mail"
DocType: Anfrage,"Kundenstamm anlegen","Créer une fiche client"
DocType: Anfrage,"Strasse und Hausnummer","Rue et numéro"
DocType: Anfrage,"Adress Zusatz","Complèment d'adresse"
DocType: Anfrage,"Postleitzahl","Numéro Postal"
DocType: Anfrage,"Ort","Lieu"
DocType: Anfrage,"Kanton","Canton"
DocType: Anfrage,"Keine Angabe","Pas de données"
DocType: Anfrage,"Krankenkasse","Assurance maladie (base)"
DocType: Anfrage,"Links zu Kunden Daten","Lien vers les coordonnées du client"
DocType: Anfrage,"Kunde","Client"
DocType: Anfrage,"Kunden Kontakt","Contact client"
DocType: Anfrage,"Kunden Adresse","Adresse du client"
DocType: Anfrage,"Mitgliedschaft","Adhésion"
DocType: Anfrage,"Angaben Angehörige","Informations sur les parent/proches"
DocType: Anfrage,"Vorname (Ang.)","Prénom (parent/ proche)"
DocType: Anfrage,"Nachname (Ang.)","Nom (parent/proche)"
DocType: Anfrage,"Geburtsdatum (Ang.)","Date de naissance (parent/proche.)"
DocType: Anfrage,"Telefon (Ang.)","Téléphone (parent/proche.)"
DocType: Anfrage,"Mobile (Ang.)","Téléphone portable (parent/proche.)"
DocType: Anfrage,"E-Mail (Ang.)","E-Mail (parent/proche.)"
DocType: Anfrage,"Strasse und Hausnummer (Ang.)","Rue et numéro (parent/proche)"
DocType: Anfrage,"Adress Zusatz (Ang.)","Complément d'adresse (parent/proche)"
DocType: Anfrage,"PLZ (Ang.)","Numéro postal (parent/proche)"
DocType: Anfrage,"Ort (Ang.)","Lieu (parent/proche)"
DocType: Anfrage,"Kanton (Ang.)","Canton (parent/proche)"
DocType: Anfrage,"Links zu Angehörige","Lien vers le parent/proche"
DocType: Anfrage,"Angehörige","Parent/proche"
DocType: Anfrage,"Angehörige Kontakt","Contact parent/proche"
DocType: Anfrage,"Angehörige Adresse","Adresse parent/proche"
DocType: Anfrage,"Gesetzlicher Vertreter 1","Reprèsentant legal 1"
DocType: Anfrage,"Vorname (Ges.-Ver. 1)","Prénom représentant légal 1"
DocType: Anfrage,"Nachname (Ges.-Ver. 1)","Nom représentant légal 1"
DocType: Anfrage,"Geburtsdatum (Ges.-Ver. 1)","Date de naissance représentant légal 1"
DocType: Anfrage,"Telefon (Ges.-Ver. 1)","Téléphone représentant légal 1"
DocType: Anfrage,"Mobile (Ges.-Ver. 1)","Téléphone portable représentant légal 1"
DocType: Anfrage,"E-Mail (Ges.-Ver. 1)","E-Mail représentant légal 1"
DocType: Anfrage,"Strasse und Hausnummer (Ges.-Ver. 1)","Rue et numéro (représentant légal 1)"
DocType: Anfrage,"Adress Zusatz (Ges.-Ver. 1)","Complément d'adresse ( représentant légal 1)"
DocType: Anfrage,"PLZ (Ges.-Ver. 1)","Numéro postal (représentant légal 1)"
DocType: Anfrage,"Ort (Ges.-Ver. 1)","Lieu (représentant légal 1)"
DocType: Anfrage,"Kanton (Ges.-Ver. 1)","Canton (représentant légal1)"
DocType: Anfrage,"Gesetzlicher Vertreter 2","Représentant légal 2"
DocType: Anfrage,"Vorname (Ges.-Ver. 2)","Prénom (représentant légal 2)"
DocType: Anfrage,"Nachname (Ges.-Ver. 2)","Nom (représentant légal 2)"
DocType: Anfrage,"Geburtsdatum (Ges.-Ver. 2)","Date de naissance (représentant légal 2)"
DocType: Anfrage,"Telefon (Ges.-Ver. 2)","Téléphone (représentant légal 2)"
DocType: Anfrage,"Mobile (Ges.-Ver. 2)","Téléphone portable (représentant légal 2)"
DocType: Anfrage,"E-Mail (Ges.-Ver. 2)","E-Mail (représentant légal 2)"
DocType: Anfrage,"Strasse und Hausnummer (Ges.-Ver. 2)","Rue et numéro (représentant légal 2) "
DocType: Anfrage,"Adress zusatz (Ges.-Ver. 2)","Complément d'adresse (représentant légal 2)"
DocType: Anfrage,"PLZ (Ges.-Ver. 2)","Numéro postal (représentant légal 2)"
DocType: Anfrage,"Ort (Ges.-Ver. 2)","Lieu (représentant légal 2)"
DocType: Anfrage,"Kanton (Ges.-Ver. 2)","Canton (représentant légal 2)"
DocType: Anfrage,"Links zu Gesetzlicher Vertreter","Lien vers représentant légal"
DocType: Anfrage,"Gesetzlicher Vertreter 1","Représentant légal 1"
DocType: Anfrage,"Gesetzlicher Vertreter 1 Kontakt","Représentant légal 1 contact"
DocType: Anfrage,"Gesetzlicher Vertreter 1 Adresse","Représentant légal 1 adresse"
DocType: Anfrage,"Gesetzlicher Vertreter 2","Représentant légal 2"
DocType: Anfrage,"Gesetzlicher Vertreter 2 Kontakt","Représentant légal 2 contact"
DocType: Anfrage,"Gesetzlicher Vertreter 2 Adresse","Représentant légal 2 adresse"
DocType: Anfrage,"Auftraggeber","Mandant"
DocType: Anfrage,"Erfasste Kontaktdaten","Données du contact enregistées"
DocType: Anfrage,"<div>Bitte wählen Sie untenstehend eine RSV, eine Adresse und ein Kontakt aus.</div>","<div>Veuillez choisir une Protection Juridique, une adresse et un contact ci-dessous.</div>"
DocType: Anfrage,"Links zu Auftraggeber","Lien avec le mandant"
DocType: Anfrage,"Auftraggeber","Mandant"
DocType: Anfrage,"Auftraggeber Kontakt","Contact Mandant"
DocType: Anfrage,"Auftraggeber Adresse","Adresse Mandant"
DocType: Anfrage,"Auftraggeber Referenznummer","Numéro de référence du Mandant."
DocType: Anfrage,"Angaben zur Anfrage","Détails et informations de la demande"
DocType: Anfrage,"Grundlage der Anfrage","Raison de la demande"
DocType: Anfrage,"Sachverhalt / Thema","Les faits/thème"
DocType: Anfrage,"Rat","Conseil"
DocType: Anfrage,"Fusszeile","Pied de page"
DocType: Anfrage,"Zeiterfassung","Calcul du temps"
DocType: Anfrage,"Standardzeiten","Heures standard"
DocType: Anfrage,"Total verbuchte Zeit (in h)","Temps utilisé (en h)"
DocType: Anfrage,"Zeiten Übersicht","Aperçu total du temps enregistré"
DocType: Anfrage,"<div>Es wurden keine Zeiten erfasst</div>","<div>Il n'y a pas eu de temps enregistré</div>"
DocType: Auslaufende Mitgliedschaften,"Mitgliedschaft","Affilliation"
DocType: Auslaufende Mitgliedschaften,"Kunde","Client"
DocType: Auslaufende Mitgliedschaften,"Typ","Type"
DocType: Auslaufende Mitgliedschaften,"Ende","Fin"
DocType: Auto Assign,"Dokument - Aufgabe","Document-tâche"
DocType: Auto Assign,"Anfrage - Neu Anlage Mitglied","Demande - nouveau membre"
DocType: Auto Assign,"Anfrage - Mutation Mitglied","Demande mutation membre"
DocType: Auto Assign,"User","Utilisateur"
DocType: Auto Assign,"Fallback User","Utilisateur de substitution"
DocType: Einstellungen,"Limiten","Limites"
DocType: Einstellungen,"Aufwandsgrenze Anfrage","Limite de la demande"
DocType: Einstellungen,"Aufwandsgrenze Mandat","Limite du mandat"
DocType: Einstellungen,"Maximaler Mitgliedsunterbruch","Interruption maximale de l'adhésion"
DocType: Einstellungen,"Timesheet defaults","Timesheet par défaut"
DocType: Einstellungen,"Default Zeiten","Heures par défaut"
DocType: Einstellungen,"Auto Assign","Assignation automatique"
DocType: Einstellungen,"Auto Assign Users","Assignation automatique utilisateur"
DocType: Einstellungen,"Rechnungslauf","Exécution des factures"
DocType: Einstellungen,"Vorlauf (in Tagen)","Avancement (en jours)"
DocType: Einstellungen,"Zahlungsfrist","Délai de paiement"
DocType: Freies Schreiben,"Adressat","Destinataire"
DocType: Freies Schreiben,"Empfänger","Destinataire"
DocType: Freies Schreiben,"Kontakt","Contact"
DocType: Freies Schreiben,"Adresse","Adresse"
DocType: Freies Schreiben,"Mandat","Mandat"
DocType: Freies Schreiben,"Adresse","Adresse"
DocType: Freies Schreiben,"Inhalt","Contenu"
DocType: Freies Schreiben,"Textkonserve","Conservation du texte"
DocType: Freies Schreiben,"Freitext","Texte libre"
DocType: Freies Schreiben,"Fusszeile","Pied de page"
DocType: Mandat,"Zurück zur Anfrage","Retour à la demande"
DocType: Mandat,"Verwendet","Utilisé"
DocType: Mandat,"Ausstehend","En attente"
DocType: Mandat,"Auswertung Kostendach (in CHF)","Evaluation du coût maximal"
DocType: Mandat,"Datum","Date"
DocType: Mandat,"Arbeitsinhalt","Contenu du travail"
DocType: Mandat,"Korrespondenz","Correspondance"
DocType: Mandat,"Telefonat","Téléphone/Téléphonique"
DocType: Mandat,"Aktenstudium","Etude de dossier"
DocType: Mandat,"Organisation der juristischen Beratung","Organisation du conseil Juridique"
DocType: Mandat,"Juristische Beratung","Conseil Juridique"
DocType: Mandat,"Recherche Facharzt","Recherche de médecin spécialiste de confiance."
DocType: Mandat,"Organisation Facharzt","Organisation médecin spécialiste de confiance"
DocType: Mandat,"Interne fachliche Besprechung","Discussion interne du cas"
DocType: Mandat,"Sonstiges","Autres"
DocType: Mandat,"Bemerkung","Remarques"
DocType: Mandat,"Arbeitszeit (in h)","Temps de travail (en h)"
DocType: Mandat,"Arbeitszeit erfassen","Enregistrer le temps de travail"
DocType: Mandat,"Erfassen","Enregistrer"
DocType: Mandat,"Sie können nur Ihre eigene Timesheets bearbeiten.","Vous ne pouvez modifier que votre Timesheet."
DocType: Mandat,"Nicht Ihr Timesheet","Ce n'est pas votre Timesheet"
DocType: Mandat,"Vorname","Prénom"
DocType: Mandat,"Nachname","Nom"
DocType: Mandat,"Rat","Conseil"
DocType: Mandat,"bestätigung Erhalt Unterlagen","Confirmation des documents reçus"
DocType: Mandat,"Sachstandbericht alle 3 Monate","Rapport sur l'avancement du dossier tous les 3 mois."
DocType: Mandat,"Am","Le…"
DocType: Mandat,"Telefon mit VN","Téléphone avec le membre assuré?"
DocType: Mandat,"Vollmacht mit Begleitbrief","Procuration avec la lettre d'accompagnement."
DocType: Mandat,"Pat. Dossier anfordern","Demande de dossier médical"
DocType: Mandat,"...mahnen per Tel.","…Rappeler par téléphone."
DocType: Mandat,"...schriftlich mahnen","Rappeler par écrit"
DocType: Mandat,"Aktenstudium","Etude de dossier"
DocType: Mandat,"Ausgangslage","Position au départ"
DocType: Mandat,"...Bericht","…Rapport"
DocType: Mandat,"...Triage mit Kurzbeurteilung","...Triage avec brève évaluation."
DocType: Mandat,"Facharzt - Fragen","Questions au médecin spécialiste"
DocType: Mandat,"...Dossier an FA","...Dossier àmédecin spécialiste"
DocType: Mandat,"Bericht fertigstellen","Finaliser le rapport"
DocType: Mandat,"Tel mit VN - das weitere Procedere besprechen","téléphone avec l'assuré-discussion sur la suite de la procédure."
DocType: Mandat,"RSV Bericht - Empfehlung","Rapport pour la protectuin juridique-recommandations."
DocType: Mandat,"Einladung med. - jur. Beratung","Invitation à une consulation médico-juridique."
DocType: Mandat,"med. - jur. Beratung am","Consultation médico-Juridique le:"
DocType: Mandat,"Abschluss an RSV","Conclusions pour la protection juridique"
DocType: Mandat,"Rechnung","Facture"
DocType: Mandat,"Zeiterfassung","Calcul du temps"
DocType: Mandat,"Standardzeiten","Temps standard"
DocType: Mandat,"Total verbuchte Zeit (in h)","Total de temps utilisé (en h)"
DocType: Mandat,"Kostengutschsprache","Limite des coûts"
DocType: Mandat,"Maximale Aufwandsgrenze (in CHF)","Limite maximale des coûts (en CHF)"
DocType: Mandat,"Stundensatz","Taux horaire"
DocType: Mandat,"Zeiten Übersicht","Aperçu des horaires"
DocType: Mandat,"<div>Es wurden keine Zeiten erfasst</div>","<div>Il n'y a pas eu de temps enregistré</div>"
DocType: Mandat,"Allgemeine Übersicht","Aperçu général"
DocType: Mandat,"Anfragen","Demande"
DocType: Mandat,"Referenzen Kunde","Référence client"
DocType: Mandat,"Mitgliedschaft","Adhésion"
DocType: Mandat,"Kunde","Client"
DocType: Mandat,"Kunden Kontakt","Contact du client"
DocType: Mandat,"Kunde Adresse","Adresse du client"
DocType: Mandat,"Referenzen Angehörige","Référence parent/proche"
DocType: Mandat,"Angehörige","Parent/proche"
DocType: Mandat,"Angehörige Kontakt","Contact parent/proche"
DocType: Mandat,"Angehörige Adresse","Adresse parent/proche"
DocType: Mandat,"Referenzen Gesetzliche Vertreter","Référence représentant légal"
DocType: Mandat,"Gesetzlicher Vertreter 1","Représentant légal 1"
DocType: Mandat,"Gesetzlicher Vertreter 1 Kontakt","Contact représentant légal 1"
DocType: Mandat,"Gesetzlicher Vertreter 1 Adresse","Adresse représentant légal 1"
DocType: Mandat,"Gesetzlicher Vertreter 2","Représentant légal 2"
DocType: Mandat,"Gesetzlicher Vertreter 2 Kontakt","Contact représentant légal 2"
DocType: Mandat,"Gesetzlicher Vertreter 2 Adresse","Adresse représentant légal 2"
DocType: Mandat,"Referenzen Auftraggeber","Référence Mandant."
DocType: Mandat,"Referenznummer","Numéro de référence"
DocType: Mandat,"RSV","Protection Juridique (PJ)"
DocType: Mandat,"Auftraggeber Name","Nom du Mandant"
DocType: Mandat,"RSV Kontakt","Contact Protection Juridique"
DocType: Mandat,"RSV Adresse","Adresse Protection Juridique"
DocType: Medizinischer Bericht,"Zurück zum Mandat","Retour au mandat"
DocType: Medizinischer Bericht,"Datum","Date"
DocType: Medizinischer Bericht,"Arbeitszeit (in h)","Temps de travail (en h)"
DocType: Medizinischer Bericht,"Arbeitszeit erfassen","Enregistrer le temps de travail"
DocType: Medizinischer Bericht,"Erfassen","Enregistrer"
DocType: Medizinischer Bericht,"<h1>Patienten Daten anonymisieren</h1>","<h1>Anonymiser les données du patient</h1>"
DocType: Medizinischer Bericht,"Deckblatt sowie Disclaimer andrucken","  Imprimer la feuille de couverture et le disclaimer"
DocType: Medizinischer Bericht,"Deckblatt Details","Détails de la feuille de couverture"
DocType: Medizinischer Bericht,"Klient(in)","Client (e)"
DocType: Medizinischer Bericht,"Berater(in)","Conseiler (lière)"
DocType: Medizinischer Bericht,"Juristische Beratung","Consultation Juridique"
DocType: Medizinischer Bericht,"Name des anwalts","Nom de l'avocat"
DocType: Medizinischer Bericht,"Instutition","Instutition"
DocType: Medizinischer Bericht,"Mandat angenommen","Mandat accepté"
DocType: Medizinischer Bericht,"Ja","Oui"
DocType: Medizinischer Bericht,"Nein","Non"
DocType: Medizinischer Bericht,"Rechtsschutzversicherung","Protection Juridique"
DocType: Medizinischer Bericht,"RSV Kontakt","Contact protection Juridique"
DocType: Medizinischer Bericht,"Fristwahrung","Délai de prescription/péremption"
DocType: Medizinischer Bericht,"Gutachter","Expert/médecin spécialiste consulté"
DocType: Medizinischer Bericht,"Facharzt für...","Médecin spécialiste"
DocType: Medizinischer Bericht,"Problemstellung","Problème"
DocType: Medizinischer Bericht,"Diagnose/n","Diagnostic(s)"
DocType: Medizinischer Bericht,"Operation/en","Operation (s)"
DocType: Medizinischer Bericht,"Behandelnder Arzt","Médecin traitant"
DocType: Medizinischer Bericht,"Verantwortlicher Arzt aus Sicht der Patientin / des Patienten","Médecin mis en cause du point de vue du patent/de la patiente."
DocType: Medizinischer Bericht,"Ausgangslage","Situation initiale"
DocType: Medizinischer Bericht,"Sollen die Bemerkungen der Ausgangslage gedruckt werden?","Est-ce que les remarques de la position de départ doivent être imprimées."
DocType: Medizinischer Bericht,"Nur falls nötig: Korrespondenz (Haftpflichtversicherung etc)","Seulement si nécessaire : correspondance (Assurance responsabilité civile, etc)"
DocType: Medizinischer Bericht,"Sollen die Bemerkungen der Korrespondenz gedruckt werden?","Est-ce que les remarques sur la correspondance doivent être imprimées."
DocType: Medizinischer Bericht,"Bemerkung","Remarque:"
DocType: Medizinischer Bericht,"Situation heute","Situation actuelle"
DocType: Medizinischer Bericht,"Beurteilung","Evaluation"
DocType: Medizinischer Bericht,"Fragestellung","Les questions à un spécialiste"
DocType: Medizinischer Bericht,"Fazit","Conclusions "
DocType: Medizinischer Bericht,"Beilagen","Annexes"
DocType: Medizinischer Bericht,"Empfehlung","Recommandations"
DocType: Medizinischer Bericht,"Jur. Vorgehen empfohlen","Procédure juridique recommandée"
DocType: Medizinischer Bericht,"Jur. Vorgehen nicht empfohlen","Procédure juridique non recommandée"
DocType: Medizinischer Bericht,"Anderes","Autres"
DocType: Medizinischer Bericht,"Checkliste","Checkliste"
DocType: Medizinischer Bericht,"Alle Aufklärungsprotokolle verlangt?","Tous les protocoles d'information demandés?"
DocType: Medizinischer Bericht,"Sorgfalt?","Précautions"
DocType: Medizinischer Bericht,"Kausalität?","Causalité"
DocType: Medizinischer Bericht,"Schaden? Höhe? Bleibend?","Dommage? niveau? permanent?"
DocType: Medizinischer Bericht,"Empfehlung?","Recommandations"
DocType: Medizinischer Bericht,"Fusszeile","Pied de page"
DocType: Medizinischer Bericht,"Referenzen","Référence"
DocType: Medizinischer Bericht,"Mandat","Mandat"
DocType: Medizinischer Bericht Ausgangslage,"Datum","Date"
DocType: Medizinischer Bericht Ausgangslage,"Art Dokument Beilage","Type de documents joints en annexe"
DocType: Medizinischer Bericht Ausgangslage,"Genauer Wortlaut aus der Krankengeschichte","Libellé exact (mot à mot) des antécédents médicaux."
DocType: Medizinischer Bericht Ausgangslage,"Bemerkung","Remarque"
DocType: Medizinischer Bericht Korrspondenz,"Datum","Date"
DocType: Medizinischer Bericht Korrspondenz,"Art Dokument Beilage","Type de documents joints en annexe"
DocType: Medizinischer Bericht Korrspondenz,"Genauer Wortlaut","Libellé exact (mot à mot) ."
DocType: Medizinischer Bericht Korrspondenz,"Bemerkung","Remarque"
DocType: Mitglieder Rechnungslauf,"<br>Durch das Buchen werden für alle aufgeführten Mitgliedschaften eine neue einjährige Mitgliedschaft sowie jeweils eine Mitgliederrechnung erstellt.<br>Die maximale Anzahl Mitgliedschaften die pro Rechnungslauf verarbeitet werden können liegt bei 500.","<br>.Lorsque nous enregistrons une nouvelle adhésion, une facture d'adhésion est crée. Ceci pour toutes les adhésions répértoriées. Le nombre maximum d'adhésions pouvant être traitées par cycle de facturation est de 500."
DocType: Mitglieder Rechnungslauf,"<br>Das System erstellt für alle aufgeführten Mitgliedschaften eine neue einjährige Mitgliedschaft sowie jeweils eine Mitgliederrechnung und verbucht diese.<br>Sie können den Fortschrit --><a href='/desk#background_jobs'>hier</a><-- verfolgen.<br>Im Anschluss wird das System ein PDF generieren Welches alle hierbei erstellten Rechnungen beinhaltet und heruntergeladen werden kann.","<br>Le système crée une nouvelle adhésion d'un an pour toutes les adhésions répertoriées, ainsi qu'une facture d'adhésion pour chacune d'entre elles, et l'enregistret.<br>Vous pouvez vérifier l'état d'avancement --><a href='/desk#background_jobs'>ici</a><-- suivre.<br> Par la suite, le système génère un PDF qui contient toutes les factures créées et peut être téléchargé."
DocType: Mitglieder Rechnungslauf,"<br>Das System hat für alle aufgeführten Mitgliedschaften eine neue einjährige Mitgliedschaft sowie jeweils eine Mitgliederrechnung erstellt und verbucht.<br>Nun erstellt das System für alle soeben erstellten/verbuchten Rechnungen ein PDF, Sie können den Fortschrit --><a href='/desk#background_jobs'>hier</a><-- verfolgen.<br>Sobald der Backgroundjob abgeschlossen ist können Sie das erstellte PDF herunterladen.","<br>Le système a créé et affiché une nouvelle adhésion d'un an et une facture d'adhésion pour chacune des adhésions énumérées.<br>Maintenant que le système crée un PDF pour toutes les factures qui viennent d'être créées/enregistrées, vous pouvez en vérifier l'avancement --><a href='/desk#background_jobs'>ici</a><-- suivre.<br>Dès que le travail d'enregistrement est terminé, vous pouvez télécharger le PDF créé."
DocType: Mitglieder Rechnungslauf,"Rechnungen als PDF","Factures en format PDF"
DocType: Mitglieder Rechnungslauf,"<br>Das System erstellt für alle aufgeführten Mitgliedschaften eine neue einjährige Mitgliedschaft sowie jeweils eine Mitgliederrechnung.<br>Sie können den Fortschrit --><a href='/desk#background_jobs'>hier</a><-- verfolgen.<br>Sobald der Backgroundjob abgeschlossen ist müssen Sie die Rechnungen verbuchen, drucken und versenden.","<br>Le système crée une nouvelle adhésion d'un an et une facture d'adhésion pour chacune des adhésions énumérées.<br>Vous pouvez vérifier l'état d'avancement --><a href='/desk#background_jobs'>suivre le lien</a>.<br>Dès que le travail d'enregistrement est terminé, vous devez poster, imprimer et envoyer les factures."
DocType: Mitglieder Rechnungslauf,"Speichern Sie diesen Rechnungslauf um alle auslaufenden Mitgliedschaften zu laden.","Mémoriser ce cycle de facturation pour charger toutes les adhésions qui expirent."
DocType: Mitglieder Rechnungslauf,"Es sind keine auslaufende Mitgliedschaften vorhanden.","Il n'y a pas de date d'expiration pour les adhésions."
DocType: Mitglieder Rechnungslauf,"Datum","Date "
DocType: Mitglieder Rechnungslauf,"Rechnungen direkt verbuchen und PDF erstellen","Etablir directement les factures et créer un PDF"
DocType: Mitglieder Rechnungslauf,"Rechnungen erstellt","Facture créée"
DocType: Mitglieder Rechnungslauf,"PDF erstellt","PDF créé"
DocType: Mitglieder Rechnungslauf,"Auslaufende Mitgliedschaften","Adhésions expirée"
DocType: Mitgliedschaft,"Erstelle Rechnung","Création d'une facture"
DocType: Mitgliedschaft,"Die Rechnung wurde erfolgreich erstellt<br>Bitte nehmen Sie noch die Verbuchung sowie den Versand vor.","La facture a été créée avec succès<br>Veuillez effectuer l'enregistrement ainsi que l'envoi."
DocType: Mitgliedschaft,"Rechnung wurde erstellt","La facture a été créée"
DocType: Mitgliedschaft,"Mitglied","Membre"
DocType: Mitgliedschaft,"Start","Démarrer"
DocType: Mitgliedschaft,"Rechnung","Facture"
DocType: Mitgliedschaft,"Rechnung an Dritte","Facturation à des tiers"
DocType: Mitgliedschaft,"Rechnungsempfänger","Destinataire de la facture"
DocType: Mitgliedschaft,"Mitgliedschafts Typ","Type d'affiliation"
DocType: Mitgliedschaft,"Einzelmitglied","Membre individuel"
DocType: Mitgliedschaft,"Familienmitglied","Membre famille"
DocType: Mitgliedschaft,"Passiv-/Kollektivmitglied","Membre passif/collectif"
DocType: Mitgliedschaft,"Freimitglied","Membre libre"
DocType: Mitgliedschaft,"Ende","Fin"
DocType: Mitgliedschaft,"Nicht verlängern","Ne pas prolonger"
DocType: Mitgliedschaft,"Verlängerte Mitgliedschaft","Adhésion renouvelée"
DocType: SPO TS Defaults,"Dokument","document"
DocType: SPO TS Defaults,"Anfrage","Demande"
DocType: SPO TS Defaults,"Mandat","Mandat"
DocType: SPO TS Defaults,"Anforderung Patientendossier","Demander le dossier du patient"
DocType: SPO TS Defaults,"Medizinischer Bericht","Rapport médical"
DocType: SPO TS Defaults,"Triage","Triage"
DocType: SPO TS Defaults,"Vollmacht","Procuration"
DocType: SPO TS Defaults,"Abschlussbericht","Rapport final"
DocType: SPO TS Defaults,"Default Zeit (in Stunden)","Durée par défaut ( en heures)"
DocType: SPO Zeiterfassung Beratung Mandate,"SPO Referenz","Référence OSP"
DocType: SPO Zeiterfassung Beratung Mandate,"Arbeit","Travail"
DocType: SPO Zeiterfassung Beratung Mandate,"Dauer","Durée"
DocType: SPO Zeiterfassung Beratung Mandate,"Referenz","Référence"
DocType: SPO Zeiterfassung Beratung Mandate,"SPO Dokument","Document OSP"
DocType: SPO Zeiterfassung Beratung Mandate,"Mandat","Mandat"
DocType: SPO Zeiterfassung Beratung Mandate,"Beratung","Conseils"
DocType: SPO Zeiterfassung Diverses,"Activity Type","Type d'activité"
DocType: SPO Zeiterfassung Diverses,"Dauer","Durée"
DocType: SPO Zeiterfassung Diverses,"Referenz","Référence"
DocType: SPO Zeiterfassung Pause,"Von","De"
DocType: SPO Zeiterfassung Pause,"Dauer","Durée"
DocType: SPO Zeiterfassung Pause,"Referenz","Référence"
DocType: Telefon Triage,"Bitte suchen Sie zuerst nach einem möglichen Mitglied.","Veuillez d'abord rechercher si c'est un membre."
DocType: Telefon Triage,"Fehlender Kunde","Client manquant"
DocType: Telefon Triage,"Vollständige Treffer","Résultats complets"
DocType: Telefon Triage,"<div><p>Keine vollständige Treffer</p></div>","<div><p>Pas de résultats complets</p></div>"
DocType: Telefon Triage,"Zutreffende Kontakte","Les contacts adéquats/appropriés"
DocType: Telefon Triage,"<div><p>Keine zutreffende Kontakte</p></div>","<div><p>Pas de contact déquats/appropriés</p></div>"
DocType: Telefon Triage,"Zutreffende Adressen","Adresses adéquates"
DocType: Telefon Triage,"<div><p>Keine zutreffende Adressen</p></div>","<div><p>Pas d'adresse adéquate</p></div>"
DocType: Telefon Triage,"Daten übernehmen","Accepter les données"
DocType: Telefon Triage,"Mitglieder Suche","Recherche de membre"
DocType: Telefon Triage,"Vorname","Prénom"
DocType: Telefon Triage,"Nachname","Nom"
DocType: Telefon Triage,"Geburtsdatum","Date de naissance"
DocType: Telefon Triage,"Strasse und Hausnummer","Rue et Numéro"
DocType: Telefon Triage,"Postleitzahl","Numéro Postal"
DocType: Telefon Triage,"Ort","Lieu"
DocType: Telefon Triage,"Kanton","Canton"
DocType: Telefon Triage,"Referenzen","Référence"
DocType: Telefon Triage,"Kunde","Client"
DocType: Telefon Triage,"Kontakt","Contact"
DocType: Telefon Triage,"Adresse","Adresse"
DocType: Telefon Triage,"Mitgliedschaft","Afilliation"
DocType: Textbausteine,"Titel","Titre"
DocType: Textbausteine,"Dokument","Document"
DocType: Textbausteine,"Abschlussbericht","Rapport final"
DocType: Textbausteine,"Anforderung Patientendossier","Demande de dossier du patient"
DocType: Textbausteine,"Vollmacht - Titelzeile","Procuration - titre"
DocType: Textbausteine,"Vollmacht - Begleitbrief","Procuration-lettred'accompagnement"
DocType: Textbausteine,"Freies Schreiben","L'écriture libre/libéllé conseillère"
DocType: Textbausteine,"Mitarbeiter","Collaborateur"
DocType: Textbausteine,"Textkonserve","Texte conservé"
DocType: Triage,"Zurück zum Mandat","Retour au mandat"
DocType: Triage,"Datum","Date"
DocType: Triage,"Arbeitszeit (in h)","Temps de travail (en h)"
DocType: Triage,"Arbeitszeit erfassen","Enregistrer temps de travail"
DocType: Triage,"Erfassen","Saisir"
DocType: Triage,"<h1>Patienten Daten anonymisieren</h1>","<h1>Anonymiser les données du patient</h1>"
DocType: Triage,"Patienten Daten beim Druck verbergen","Masquer les données des patients lors de  l'impression"
DocType: Triage,"Disclaimer drucken","Imprimer le Disclaimer"
DocType: Triage,"Problemstellung","Problèmatique"
DocType: Triage,"Fragestellung","Questions "
DocType: Triage,"Beurteilung","Evaluation"
DocType: Triage,"Bemerkung","Remarque"
DocType: Triage,"Fazit","Conclusion"
DocType: Triage,"Empfehlung","Recommandations"
DocType: Triage,"Jur. Vorgehen empfohlen","Action juridique recommandée"
DocType: Triage,"Jur. Vorgehen nicht empfohlen","Action juridique non conseillée"
DocType: Triage,"Anderes","Autres"
DocType: Triage,"Checkliste","Checkliste"
DocType: Triage,"Alle Aufklärungsprotokolle verlangt?","Tous les protocoles de clarification demandés?"
DocType: Triage,"Sorgfalt?"," Précautions"
DocType: Triage,"Kausalität?","Causalité"
DocType: Triage,"Schaden? Höhe? Bleibend?","Dommage? niveau? permanent?"
DocType: Triage,"Empfehlung?","Recommandation?"
DocType: Triage,"Fusszeile","Pied de page"
DocType: Triage,"Referenzen","Référence"
DocType: Triage,"Mandat","Mandat"
DocType: Vollmacht,"Zurück zum Mandat","Retour au Mandat"
DocType: Vollmacht,"Datum","Date"
DocType: Vollmacht,"Arbeitszeit (in h)","Temps de travail (en h)"
DocType: Vollmacht,"Arbeitszeit erfassen","Enregistrer le temps de travail"
DocType: Vollmacht,"Erfassen","Enregistrer"
DocType: Vollmacht,"<p>Sehr geehrte ...</p><p>Wir wenden uns schriftlich an Sie, da wir Sie telefonisch nicht erreichen konnten.</p><p>Wir wurden von Ihrer Rechtsschutzversicherung (Name der Vers.)  beauftragt die Behandlung vom (Datum und wer/wo) abzuklären.Damit wir aktiv werden können, sende ich Ihnen die Vollmacht zur Unterschrift. Bitte prüfen Sie das Formular insbesondere das Fettgedruckte auf die Richtigkeit und schicken Sie nach Unterschrift ein Exemplar im beigelegten Couvert wieder zurück an die SPO.Eine Vollmacht gilt als Kopie und geht zu ihren Akten.</p><p>Ich wäre sehr froh, wenn Sie mich telefonisch kontaktieren könnten. Sie erreichen mich jeweils mittwochs (10-12 Uhr und 14-16 Uhr) im Büro Zürich unter der Tel. Nr.: 044 252 522.</p><p>Freundliche Grüsse<br><br><br></p><p>... ...<br>Beratung SPO</p>","<p>Cher/Chère ...</p><p>Nous vous contacterons par écrit, car nous n'avons pas pu vous joindre par téléphone.</p><p> Nous avons été chargés par votre assurance de protection juridique (nom de la compagnie d'assurance) de clarifier le traitement à partir du (date et qui/où), afin que nous puissions faire avancer votre dossier, je vous enverrai la procuration pour signature. Veuillez vérifier l'exactitude du formulaire, en particulier les caractères gras, et en renvoyer un exemplaire dans l'enveloppe jointe après signature. Une procuration est considérée comme une copie et est versée au dossier.</p><p>Je serais très contente si vous pouviez me contacter par téléphone. Vous pouvez me joindre tous les lundis (09-12 heures et 14-16 heures) au bureau de Lausanne au numéro de téléphone suivant : 021 314 73 88.</p><p>Cordiales salutations<br><br><br></p><p>... ...<br>Conseil OSP</p>"
DocType: Vollmacht,"<p><b>Abklärungen im Zusammenhang mit</b> (dem Eingriffes/ der Operation) <b>vom</b> (Datum)  <b>im Spital XY</b> (Ort) <b>samt</b> (Folgen) oder (inkl. Vor- und Nachbehandlung)<b>.</b></p>","<p><Clarifications en rapport avec></b>(l'intervention/l'opération)  <b>de</b> (Date)  <b>à l'hôpital XY</b> (lieu) <b>ainsi que</b>(conséquences) ou (y compris pré et post-opératoire) <b>.</b></p>"
DocType: Vollmacht,"<p><b>Abklärung der medizinischen Behandlung vom</b> (Datum) <b>im Spital XY</b> (Ort) <b>samt Folgen im Zusammenhang mit dem Todesfall betreffend Herrn/Frau/des Kindes</b> (fett: † Name, geb*   – gest., Adresse) <b>insbesondere vollständige Einsicht in die damit verbundenen Akten.</b></p>","<p><b>Clarification du traitement médical du</b> (Date) <b>à l'hôpital XY</b> (lieu) <b>y compris les conséquences liées au décès de M. / Mme / l'enfant</b> (gras: † Nom, Date de naissance*   – gest., Adresse) <b>en particulier l'accès complet aux dossiers correspondants.</b></p>"
DocType: Vollmacht,"Ja","Oui"
DocType: Vollmacht,"Adressat","Destinataire"
DocType: Vollmacht,"RSV?","Protection juridique?"
DocType: Vollmacht,"Todesfall?","Personne décédée"
DocType: Vollmacht,"Verstorben am","Décés le…"
DocType: Vollmacht,"Auftrags-, Vollmachts-Erteilung","Mandat, demander une procuration"
DocType: Vollmacht,"Name, Vorname","Nom, Prénom"
DocType: Vollmacht,"Postleitzahl","Numéro Postal"
DocType: Vollmacht,"Geburtsdatum","Date de naissance"
DocType: Vollmacht,"E-Mail","E-Mail"
DocType: Vollmacht,"Daten von Hand überschreiben","Modifier les données manuellement"
DocType: Vollmacht,"Beziehungsverhältniss","Lien de parenté/ relation"
DocType: Vollmacht,"Ehefrau des… Tochter des etc.","Épouse de... fille de etc."
DocType: Vollmacht,"Adresse","Adresse"
DocType: Vollmacht,"Wohnort","Lieu de résidence"
DocType: Vollmacht,"Telefon","Téléphone"
DocType: Vollmacht,"Berater/in","conseiller/ière"
DocType: Vollmacht,"Textkonserve","Modèle de texte"
DocType: Vollmacht,"Titelzeile","Ligne de titre"
DocType: Vollmacht,"Textkonserve","Modèle de texte"
DocType: Vollmacht,"Begleitbrief","Lettre d'accompagnement"
DocType: Vollmacht,"Fusszeile","Pied de page"
DocType: Vollmacht,"Referenzen","Référence"
DocType: Vollmacht,"Mandat","Mandat"
DocType: Vollmacht,"Kunde","Client"
DocType: Vollmacht,"Kunden Adresse","Adresse du Client"
DocType: Vollmacht,"Kunden Kontakt","Contact du client"
DocType: Vollmacht,"Angehörige","Parent/proche"
DocType: Vollmacht,"Angehörige Adresse","Adresse parent/proche"
DocType: Vollmacht,"Angehörige Kontakt","Contact parent/proche"
DocType: Vorjahressaldo,"Übertrag auf Jahr","Report à l'année suivante"
DocType: Vorjahressaldo,"Stunden","Heures"
DocType: Zeiterfassung,"Zeiterfassung speichern","Enregistrer le calcul de temps"
DocType: Zeiterfassung,"<div>Bitte zuerst eine(n) Mitarbeiter(in) und ein Timesheet auswählen.</div>","<div>Veuillez d'abord sélectionner un/e membre du personnel et une feuille de temps.</div>"
DocType: Zeiterfassung,"Das timesheet wurde entsperrt, Sie können nun Änderungen vornehmen.","La feuille de temps a été déverrouillée, vous pouvez maintenant y apporter des modifications."
DocType: Zeiterfassung,"TS entsperrt","Feuille de temps verrouillée"
DocType: Zeiterfassung,"Das Timesheet wurde erstellt.","La feuille de temps a été créée."
DocType: Zeiterfassung,"Erstellung erfolgreich","Succès de la création"
DocType: Zeiterfassung,"Der Stundenwert einer Zeitangabe kann 23 nicht übersteigen.<br>Der Stundenwert '","La valeur horaire d'une saisie de temps ne peut pas dépasser 23.<br>La valeur horaire'"
DocType: Zeiterfassung,"' wurde durch '23' ersetzt."," a été transformé en '23'."
DocType: Zeiterfassung,"Der Minutenwert einer Zeitangabe kann 59 nicht übersteigen.<br>Der Minutenwert '","La valeur en minutes d'une saisie de temps ne peut pas dépasser 59.<br>La valeur en minutes '"
DocType: Zeiterfassung,"' wurde durch '59' ersetzt.","a été transformé en  '59' ."
DocType: Zeiterfassung,"Der Sekundenwert einer Zeitangabe kann 59 nicht übersteigen.<br>Der Sekundenwert '","La valeur des secondes d'un temps ne peut pas dépasser 59.<br>la valeur des secondes'"
DocType: Zeiterfassung,"' wurde durch '59' ersetzt."," a été transformé en '59' ."
DocType: Zeiterfassung,"Der Stundenwert einer Zeitangabe kann 23 nicht übersteigen.<br>Der Stundenwert '","La valeur horaire d'une saisie de temps ne peut pas dépasser 23.<br>La valeur horaire '"
DocType: Zeiterfassung,"' wurde durch '23' ersetzt."," a été transformé en'23' ."
DocType: Zeiterfassung,"Der Minutenwert einer Zeitangabe kann 59 nicht übersteigen.<br>Der Minutenwert '","La valeur en minutes d'une saisie de temps ne peut pas dépasser 59.<br>La valeur des minutes'"
DocType: Zeiterfassung,"' wurde durch '59' ersetzt.","a été transformé en '59' ."
DocType: Zeiterfassung,"Der Stundenwert einer Zeitangabe kann 23 nicht übersteigen.<br>Der Stundenwert '","La valeur en minutes d'une saisie de temps ne peut pas dépasser 59.<br>La valeur horaire '"
DocType: Zeiterfassung,"' wurde durch '23' ersetzt."," a été transformé en '23' ."
DocType: Zeiterfassung,"Die Validierung der Eingabe ist fehlgeschlagen.<br>Die Eingabe wurde durch '08:00:00' ersetzt.","La validation de la saisie a échoué.<br>la saisie a été transformée en'08:00:00' ."
DocType: Zeiterfassung,"Die Validierung der Eingabe ist fehlgeschlagen.<br>Die Eingabe wurde durch '08:00:00' ersetzt.","La validation de la saisie  a échoué.<br>la saisie a été transformée en'08:00:00' ."
DocType: Zeiterfassung,"Die eingegebene Arbeitszeit übersteigt Mitternacht! Das kann/darf nicht sein.<br>Das Arbeitsende wurde auf '23:59:59' festgesetzt.","Le temps de travail saisi dépasse minuit ! Cela n'est pas possible<br>La fin du temps de travail a été fixée à "23:59:59"."
DocType: Zeiterfassung,"Dieses Timesheet wurde bereits verbucht und kann nur noch betrachtet werden.","Cette feuille de temps a déjà été classée et peut uniquement être consultée."
DocType: Zeiterfassung,"Timesheet bereits verbucht","Feuille de temps déjà calculée/calssée"
DocType: Zeiterfassung,"Zeiterfassung updaten","Mise à jour de l'enregistrement du temps de travail"
DocType: Zeiterfassung,"Das Timesheet wurde angepasst.","Le calcul du temps a été modifié"
DocType: Zeiterfassung,"Update erfolgreich","Enregistrement effectué"
DocType: Zeiterfassung,"Das Timesheet wurde erstellt.","La feuille de temps a été créée."
DocType: Zeiterfassung,"Erstellung erfolgreich","Création réussie"
DocType: Zeiterfassung,"Die Summe von Beratungen, Mandatsarbeiten und diversen Arbeiten übersteigt Ihre Arbeitszeit.","La somme totale des consultations, du travail sur un mandat et des diverses tâches dépasse vos heures de travail."
DocType: Zeiterfassung,"Arbeitszeit zu kurz","Temps de travail trop court"
DocType: Zeiterfassung,"Dieses Dokument können Sie nicht speichern.<br>Bitte benutzen Sie die untenstehenden Schaltflächen.","Vous ne pouvez pas sauvegarder ce document.<br>Veuillez utiliser le bouton ci-dessous."
DocType: Zeiterfassung,"Kann nicht gepeichert werden","ne peut pas être mémorisé"
DocType: Zeiterfassung,"Am gewählten Datum existiert für diese(n) Mitarbeiter(in) bereits ein Timesheet","Une feuille de temps existe déjà pour cet /ces employé/s à la date choisie"
DocType: Zeiterfassung,"Mandatsarbeit","Travail sur mandat"
DocType: Zeiterfassung,"Beratung","Conseil"
DocType: Zeiterfassung,"Arbeitszeit","Temps de travail"
Module: SPO,"Telefon Triage","Triage Téléphone"
Module: SPO,"Alle Mandate in Arbeit","Tous les mandats on course"
Module: SPO,"Alle Anfragen","Toutes les demandes"
Module: SPO,"Adressliste","Liste des adresses"
Module: SPO,"Mitgliedschaften","Affiliation"
Module: SPO,"Kunden","Clientes"
Module: SPO,"Rechnungen","Factures"
Module: SPO,"Aktive Mitglieder per Stichtag","Mambre activé par date limite"
Module: SPO,"Facharzt Bericht","Rapport du médecine"
Module: SPO,"Textbausteine","Modél de texte"
Module: SPO,"Zeiterfassungs Manager","Calcul du temps"
Module: SPO,"Rechnungsabgrenzung","Limit de la facture"
Module: SPO,"Mandatsverwaltung","Administration des mandats"
Module: SPO,"Mitgliederverwaltung","Administration des membres"
Module: SPO,"Protokolle & Checklisten","Protocole & Check-listes"
Module: SPO,"Buchhaltung","Comtabilité"
Module: SPO,"Einstellungen","Réglages"
Module: SPO,"MwSt Deklaration","MwSt déclaration"
Module: SPO,"Adressliste SPO Aktuell","Liste des adresses SPO Aktuell"
Module: SPO,"Spendenübersicht","Vue d'ensemble des dons"
Module: SPO,"Timesheets Jahresrapport","Rapport annuel sur les feuilles de temps"
Module: SPO,"Payment Proposal","Proposition de paiement"