DocType: Abschlussbericht,Zurück zum Mandat,torna al mandato
DocType: Abschlussbericht,Arbeitszeit erfassen,registrare l'orario di lavoro
DocType: Abschlussbericht,Erfassen,registrare
DocType: Abschlussbericht,<div><h4>Kein verknüpftes Mandat</h4><p>,<div><h4>nessun mandato collegato</h4><p>
DocType: Abschlussbericht,Adressat,destinatario
DocType: Abschlussbericht,Empfänger,ricevitore
DocType: Abschlussbericht,Kontakt,contatto
DocType: Abschlussbericht,Adresse,indirizzo
DocType: Abschlussbericht,Textkonserve,moduli di testo
DocType: Abschlussbericht,Brieftext,testo della lettera
DocType: Abschlussbericht,Fusszeile,piè di pagina
DocType: Abschlussbericht,Referenzen,referenze
DocType: Abschlussbericht,Mandat,mandato
apps/spo/spo/spo/report/alle_anfragen/alle_anfragen.py,Datum,data
apps/spo/spo/spo/report/alle_anfragen/alle_anfragen.py,Vorname,nome
apps/spo/spo/spo/report/alle_anfragen/alle_anfragen.py,Nachname,cognome
apps/spo/spo/spo/report/alle_anfragen/alle_anfragen.py,Wohnort,luogo di residenza
apps/spo/spo/spo/report/alle_anfragen/alle_anfragen.py,Kanton,cantone
apps/spo/spo/spo/report/alle_anfragen/alle_anfragen.py,Erstellt von,creato da
apps/spo/spo/spo/report/alle_anfragen/alle_anfragen.py,Zuletzt bearbeitet von,ultima modifica a cura di
apps/spo/spo/spo/report/alle_mandate_in_arbeit/alle_mandate_in_arbeit.py,Mandat,mandato
apps/spo/spo/spo/report/alle_mandate_in_arbeit/alle_mandate_in_arbeit.py,Vorname,nome
apps/spo/spo/spo/report/alle_mandate_in_arbeit/alle_mandate_in_arbeit.py,Nachname,cognome
apps/spo/spo/spo/report/alle_mandate_in_arbeit/alle_mandate_in_arbeit.py,Auftraggeber,mandante
apps/spo/spo/spo/report/alle_mandate_in_arbeit/alle_mandate_in_arbeit.py,Referenzen Angehörige,referenze parenti
apps/spo/spo/spo/report/alle_mandate_in_arbeit/alle_mandate_in_arbeit.py,Beraterin,consulente
DocType: Anforderung Patientendossier,"<p>Sehr geehrter Herr Dr. Chaksad</p><br><p>Herr M. … wandte sich an die Stiftung SPO Patientenschutz und bat uns für ihn folgende Unterlagen zu verlangen:</p><br><ul><li><b>vollständiges Patientendossier seit 21.11.2016 mit:</b><ul><li>Verlaufsberichte Chemotherapie (ambulant und stationär)</li><li>Untersuchungsberichte / Konsiliarberichte (Medizin/Chirurgie)</li><li>Pflegedokumentation (Pflegebericht, Überwachungsblätter und Kardex)</li><li>Verordnungsblätter</li><li>Laborbefunde, Ultrschallberichte, Röntgenbefunde und Röntgenbilder auf CD</li><li>Verlegungsbericht Onkologie -> Viszeralchirurgie.</li></ul></li></ul><br><p>Wir danken Ihnen für die baldige Zusendung.</p><br><p>Freundliche Grüsse</p>","<Egregio Dott. ...</p><br><p>Il Signor M. ...si è rivolto all'Organizzazione svizzera dei pazienti OSP domandandoci di richiedere per lui i seguenti documenti:</p><br><ul><li><b>Anamnesi completa del paziente a partire dal 21.11. 2016 con:</b><ul><li>Referti medici trattasi la chemioterapia (ambulante e stazionaria)</li><li>Referti diagnostici / referti di consultazione (medicina/chirurgia)</li><li>Documentazione infermieristica (rapporto infermieristico, fogli di monitoraggio e Kardex)</li><li>Prescrizioni mediche</li><li>Risultati di laboratorio, rapporti ecografici, referti e immagini radiografiche su cd </li><li>Lettera di trasferimento oncologia ->chirurgia viscerale.</li></ul></li></ul><br><p>Grazie per un rapido invio di quanto richiesto</p><br><p>Cordiali Saluti</p>"
DocType: Anforderung Patientendossier,"<p>Sehr geehrter Herr Dr. Chaksad</p><br><p>Herr M. … wandte sich an die Stiftung SPO Patientenschutz und bat uns für ihn folgende Unterlagen zu verlangen:</p><br><ul><li><b>vollständiges Patientendossier seit 21.11.2016 mit:</b><ul><li>Verlaufsberichte Chemotherapie (ambulant und stationär)</li><li>Untersuchungsberichte / Konsiliarberichte (Medizin/Chirurgie)</li><li>Pflegedokumentation (Pflegebericht, Überwachungsblätter und Kardex)</li><li>Verordnungsblätter</li><li>Laborbefunde, Ultrschallberichte, Röntgenbefunde und Röntgenbilder auf CD</li><li>Verlegungsbericht Onkologie -> Viszeralchirurgie.</li></ul></li></ul><br><p>Wir danken Ihnen für die baldige Zusendung.</p><br><p>Freundliche Grüsse</p>","<Egregio Dott. ...</p><br><p>Il Signor M. ...si è rivolto all'Organizzazione svizzera dei pazienti OSP domandandoci di richiedere per lui i seguenti documenti:</p><br><ul><li><b>Anamnesi completa del paziente a partire dal 21.11. 2016 con:</b><ul><li>Referti medici trattasi la chemioterapia (ambulante e stazionaria)</li><li>Referti diagnostici / referti di consultazione (medicina/chirurgia)</li><li>Documentazione infermieristica (rapporto infermieristico, fogli di monitoraggio e Kardex)</li><li>Prescrizioni mediche</li><li>Risultati di laboratorio, rapporti ecografici, referti e immagini radiografiche su cd </li><li>Lettera di trasferimento oncologia ->chirurgia viscerale.</li></ul></li></ul><br><p>Grazie per un rapido invio di quanto richiesto</p><br><p>Cordiali Saluti</p>"
DocType: Anforderung Patientendossier,"<p>Sehr geehrter Herr Professor Müller</p><br><p>Mit Schreiben vom 1. Januar 2012 haben wir im Auftrag von Herrn Muster von Ihnen verlangt, uns das Patientendossier betreffend Eingriff vom 1. Februar 2010 herauszugeben.</p><br><p>Leider haben wir die gewünschten Unterlagen noch nicht erhalten. Wir bitten Sie deshalb nochmals höflich, uns <b>das gesamte Patientendossier</b> umgehend zuzustellen.</p><p>Evtl. zusätzlich: Sollten die Unterlagen bis Ende des Monats nicht bei uns eintreffen, sehen wir uns gezwungen, für die Herausgabe der Akten den Kantonsarzt um Unterstützung zu bitten.</p><p>Freundliche Grüsse</p>","<p>Egregio Professore M...</p><br><p>Ci riferiamo alla lettera datata 1° gennaio 2012 nella quale, a nome del Signor Muster, le abbiamo chiesto di fornirci la cartella clinica trattasi l'intervento del 1° febbraio 2010.</p><br><p> Purtroppo non abbiamo ancora ricevuto la documentazione. Vi preghiamo pertanto <b>di inviarci immediatamente <b>la cartella clinica completa.</p><p>ev. aggiungere: Se i documenti non dovessero pervenire entro la fine del mese, saremo costretti a chiedere l'assistenza del medico cantonale per la consegna delle cartelle.</p><p>Cordiali saluti</p>"
DocType: Anforderung Patientendossier,"<p>Sehr geehrter Herr Prof.</p><br><p>Wir kommen zurück auf unsere beiden Schreiben vom 1. Januar und 1. Februar 2012, mit denen wir Sie im Auftrag von Herrn Muster darum ersucht haben, uns die gesamte Krankengeschichte zuzustellen.</p><br><p>Bis heute haben wir von Ihnen die gewünschten Unterlagen nicht erhalten. Wir bitten Sie deshalb ein drittes Mal, um die umgehende Zusendung der uns zustehenden Akten.</p><br><p>Sollten wir die gewünschten medizinischen Unterlagen bis <b>spätestens Mitte April 2012</b> immer noch nicht erhalten haben, sehen wir uns leider gezwungen, einen externen Rechtsanwalt zu beauftragen, die Herausgabe der Krankengeschichte auf dem Rechtsweg zu erwirken, unter Kostenfolgen zu Ihren Lasten.</p><p>Freundliche Grüsse</p>","<Egregio Professore...</p><br><p>In data 1° gennaio e 1° febbraio 2012, le abbiamo richiesto di inviarci il dossier completo del Signor Muster. </p><br><p>Finora non abbiamo ricevuto nessun documento da parte vostra. La preghiamo pertanto una terza volta di volerci trasmettere senza indugio il richiesto e di confermarne la sua completezza.</p><br><p>Se non riceveremo i documenti medici richiesti </b>entro la metà di aprile 2012</b>, saremo purtroppo costretti ad incaricare un avvocato esterno per ottenere l'anamnesi completa per via legale, a vostre spese e a vostro carico.</p><p>Cordiali saluti</p>. "
DocType: Anforderung Patientendossier,"Arbeitszeit erfassen","registrare le ore di lavoro"
DocType: Anforderung Patientendossier,"Erfassen","registrare"
DocType: Anforderung Patientendossier,"Adressat","destinatario"
DocType: Anforderung Patientendossier,"Spital","ospedale"
DocType: Anforderung Patientendossier,"Kontakt","contatto"
DocType: Anforderung Patientendossier,"Adresse","indirizzo"
DocType: Anforderung Patientendossier,"2. Forderung","2. richiesta"
DocType: Anforderung Patientendossier,"3. Forderung","3. richiesta"
DocType: Anforderung Patientendossier,"Titelzeile","linea del titolo"
DocType: Anforderung Patientendossier,"Textbaustein","modello di testo"
DocType: Anforderung Patientendossier,"Brieftext","testo della lettera"
DocType: Anforderung Patientendossier,"Fusszeile","piè di pagina"
DocType: Anforderung Patientendossier,"Referenzen","referenze"
DocType: Anforderung Patientendossier,"Mandat","mandato"
DocType: Anforderung Patientendossier,"Kunde","cliente"
DocType: Anforderung Patientendossier,"Kontakt","contatto"
DocType: Anforderung Patientendossier,"Adresse","indirizzo"
DocType: Anfrage,"Sonstiges","altro"
DocType: Anfrage,"Mandat","mandato"
DocType: Anfrage,"Keine Mitgliedschaft hinterlegt","nessuna adesione depositata"
DocType: Anfrage,"Bitte tragen Sie mindestens noch folgende Daten ein:<br>","si prega di inserire almeno i seguenti dati:<br>"
DocType: Anfrage,"Fehlende Daten","dati mancanti"
DocType: Anfrage,"Das Mitglied <b>","il membro<b>"
DocType: Anfrage,"</b> wurde angelegt<br><br>Bitte erfassen Sie noch die entsprechende Mitgliedschaft.","</b>creato<br><br>si prega di inserire l'iscrizione corrispondente."
DocType: Anfrage,"Mitglied wurde angelegt","il membro è stato creato"
DocType: Anfrage,"Zu dieser Anfrage wurde bereits ein Mandat eröffnet.<br><br>Soll das/die Mandat(e) angezeigt werden?","per questa richiesta è già stato aperto un mandato.<br><br>il mandato/i deve essere visualizzato?"
DocType: Anfrage,"Bitte tragen Sie zuerst einen Kunden ein.","si prega di inserire prima un cliente."
DocType: Anfrage,"Fehlender Kunde","cliente mancante"
DocType: Anfrage,"<b>Achtung!</b><br>Das Mitglied besitzt mehere gültige Mitgliedschaften, bitte prüfen Sie die autom. Selektion!","<b>Attenzione!</b><br>Il membro ha più adesioni valide, si prega di controllare la selezione automatica!"
DocType: Anfrage,"Mehrere gültige Mitgliedschaften","diverse adesioni valide"
DocType: Anfrage,"<b>Achtung!</b><br>Das Mitglied besitzt keine gültige Mitgliedschaft!","<b>Attenzione!</b><br>Il membro non è in possesso di un'adesione valida"
DocType: Anfrage,"Keine gültige Mitgliedschaft","adesione non valida"
DocType: Anfrage,"Die hinterlegte Mitgliedschaft ist abgelaufen!","l'adesione depositata è scaduta!"
DocType: Anfrage,"Achtung","attenzione"
DocType: Anfrage,"Verwendet","utilizzato"
DocType: Anfrage,"Ausstehend","pendenti "
DocType: Anfrage,"Zeitauswertung (in min)","valutazione del tempo (in min)"
DocType: Anfrage,"Es wurde noch keine Mitgliederrechnung erstellt!","non è stata ancora creata una fattura di adesione!"
DocType: Anfrage,"Die Mitgliederrechnung wurde bezahlt.","la fattura di adesione è stata pagata."
DocType: Anfrage,"Die Mitgliederrechnung ist unbezahlt!","la fattura di adesione non è stata pagata!"
DocType: Anfrage,"Mitglied seit","membro da"
DocType: Anfrage,"Mitgliedschaft","adesione"
DocType: Anfrage,"Start","inizio"
DocType: Anfrage,"Ende","fine"
DocType: Anfrage,"Übersicht der Mitgliedschaften","panoramica delle adesioni"
DocType: Anfrage,"Hotline","hotline"
DocType: Anfrage,"Medien Anfrage","richiesta dei media"
DocType: Anfrage,"Telefon","telefono"
DocType: Anfrage,"Mandats Anfrage","richiesta di mandato"
DocType: Anfrage,"Krankenkasse (Grundversicherung)","cassa malati (assicurazione di base)"
DocType: Anfrage,"Bitte folgende Änderungen in den Stammdaten vornehmen:","si prega di efettuare le seguenti modifiche ai dati di base:"
DocType: Anfrage,"<p>Sollen folgende Änderungen der zuständigen Abteilung zur Verarbeitung übergeben werden?</p>","<p>le seguenti modifiche devono essere consegnate al reparto responsabile per l'elaborazione?</p>."
DocType: Anfrage,"Die Stammdaten Änderung wurde zugewiesen.","la modifica dei dati base è stata assegnata."
DocType: Anfrage,"Zuweisung erfolgreich","l'assegnazione ha avuto successo"
DocType: Anfrage,"Bitte Kundenstamm anlegen.","per favore creare dati base del cliente"
DocType: Anfrage,"Die Stammdaten Anlage wurde zugewiesen.","i dati base sono stati assegnati"
DocType: Anfrage,"Zuweisung erfolgreich","assegnazione riuscita"
DocType: Anfrage,"Arbeitszeit erfassen","registrare le ore di lavoro"
DocType: Anfrage,"Erfassen","registrare"
DocType: Anfrage,"Sie können nur Ihre eigene Timesheets bearbeiten.","Può solo modificare il suo Timesheet."
DocType: Anfrage,"Nicht Ihr Timesheet","non è il suo Timesheet"
DocType: Anfrage,"Vollständige Treffer","risultati completi"
DocType: Anfrage,"<div><p>Keine vollständige Treffer</p></div>","<div><p>risultati incompleti</p></div>"
DocType: Anfrage,"<div><p>Keine zutreffende Kontakte</p></div>","<div><p>contatti non associabili</p></div>"
DocType: Anfrage,"Zutreffende Kontakte","contatti associabili"
DocType: Anfrage,"<div><p>Keine zutreffende Adressen</p></div>","<div><p>indirizzi non associabili</p></div>"
DocType: Anfrage,"Daten übernehmen","adottare i dati"
DocType: Anfrage,"Zutreffende Adressen","indirizzi associabili"
DocType: Anfrage,"Anfragen Typisierung","richieste di tipizzazione"
DocType: Anfrage,"Anfrage Typ","tipo di richiesta"
DocType: Anfrage,"SPO als Ombudsstelle","OSP con funzione di Ombudsmann"
DocType: Anfrage,"Ombudstelle von","Ufficio di mediazione (Ombudsmann) per"
DocType: Anfrage,"Spital","ospedale"
DocType: Anfrage,"Grund der Beratung","motivo della consultazione"
DocType: Anfrage,"Name Therapeut","nome del terapeuta"
DocType: Anfrage,"Ort Therapeut","luogo terapeuta"
DocType: Anfrage,"Resultat","risultato"
DocType: Anfrage,"Problem","problematica"
DocType: Anfrage,"Alter","età"
DocType: Anfrage,"Geschlecht","sesso"
DocType: Anfrage,"Bezeichung Methode Komplementär- und Alternativmedizin","designare metodo medicina complementare e alternativa"
DocType: Anfrage,"Hotline","hotline"
DocType: Anfrage,"Sonstiges","diversi"
DocType: Anfrage,"Mandats Anfrage","richiesta mandato"
DocType: Anfrage,"Medien Anfrage","richiesta media"
DocType: Anfrage,"Nein","no"
DocType: Anfrage,"Ja","si"
DocType: Anfrage,"Medbase","Medbase"
DocType: Anfrage,"Monvia","Monvia"
DocType: Anfrage,"Spital Leuggern (ASANA)","Ospedale Leuggern (ASANA)"
DocType: Anfrage,"Spital Menziken (ASANA)","Ospedale Menziken (ASANA)"
DocType: Anfrage,"Z-Med","Z-Med"
DocType: Anfrage,"GD St. Gallen","DSS San Gallo"
DocType: Anfrage,"EMR","RME"
DocType: Anfrage,"Gelöst","risolto"
DocType: Anfrage,"Teilweise gelöst","risolto in parte"
DocType: Anfrage,"Nicht gelöst","non risolto"
DocType: Anfrage,"Männlich","maschile"
DocType: Anfrage,"Weiblich","femminile"
DocType: Anfrage,"Anderes","altro"
DocType: Anfrage,"Kontakt via","contatto via"
DocType: Anfrage,"Telefon","telefono"
DocType: Anfrage,"Brief","lettera"
DocType: Anfrage,"Mail","mail"
DocType: Anfrage,"Rechtsanwalt","Avvocato"
DocType: Anfrage,"Rechtsschutzversicherung","assicurazione giuridica"
DocType: Anfrage,"persönliche Beratung","consulenza personale"
DocType: Anfrage,"Problematik","problematica"
DocType: Anfrage,"Arzt: Honorar","Medico: Onorario"
DocType: Anfrage,"Arzt: Aufklärung","Medico: Informazione/spiegazioni"
DocType: Anfrage,"Arzt: Zeugnis/KG","Medico: Certificato medico/anamnesi"
DocType: Anfrage,"Arzt: Behandlung","Medico: Terapia"
DocType: Anfrage,"Arzt: mögl. Behandlungsfehler","Medico: Possibile errore medico"
DocType: Anfrage,"ZA: Honorar","Dentista: Onorario"
DocType: Anfrage,"ZA: Behandlung","Dentista: Terapia"
DocType: Anfrage,"ZA: mögl. Behandlungsfehler","Dentista: Possibile errore medico"
DocType: Anfrage,"ZA: KG/Info","Dentista: Anamnesi/Info"
DocType: Anfrage,"Psychiatrie","Psichiatria"
DocType: Anfrage,"Spital/Heim/Leistungszentrum","Ospedale/casa di cure/centro di prestazioni"
DocType: Anfrage,"Pflege","cura"
DocType: Anfrage,"SPITEX","SPITEX/cure a domicilio"
DocType: Anfrage,"Therapie/Arznei","terapia/medicamento"
DocType: Anfrage,"Sterben","decesso"
DocType: Anfrage,"Krankenkasse (Grundversicherung)","cassa malati (assicurazione di base)"
DocType: Anfrage,"SUVA/EMV/IV/UVG","SUVA/assicurazione militare/AI/LAINF"
DocType: Anfrage,"Zusatz- / Sonstige Versicherung","assicurazione complementare/o altre"
DocType: Anfrage,"allg. Information","informazione generale"
DocType: Anfrage,"Adressen","Indirizzi"
DocType: Anfrage,"Bestellung","ordine"
DocType: Anfrage,"Bestellung von","ordine da"
DocType: Anfrage,"Fachgebiet","area di competenza/specializzazione"
DocType: Anfrage,"Anästhesie","anestesia"
DocType: Anfrage,"Chirurgie","chirurgia"
DocType: Anfrage,"Gynäkologie","ginecologia"
DocType: Anfrage,"Orthopädie","ortopedia"
DocType: Anfrage,"Medizin","medicina"
DocType: Anfrage,"Komplementärmedizin","medicina complementare/empirica"
DocType: Anfrage,"Andere","altro"
DocType: Anfrage,"Sterben","decesso"
DocType: Anfrage,"Sterben PV","direttive anticipate decesso"
DocType: Anfrage,"Sterben ACP","ACP decesso"
DocType: Anfrage,"Name der Versicherung","nome dell'assicurazione"
DocType: Anfrage,"Anonym","anonimo"
DocType: Anfrage,"Anfrage Datum","richiesta data"
DocType: Anfrage,"Anfrage im Zusammenhang mit einem Todesfall?","richiesta nel contesto di un decesso"
DocType: Anfrage,"Anfrage im Zusammenhang mit urteilsunfähiger Person?","richiesta in connessione di una persona incapace di giudizio?"
DocType: Anfrage,"Angaben zum Kunden","informazioni sul cliente"
DocType: Anfrage,"Kontaktdaten suchen","cercare dati del cliente"
DocType: Anfrage,"Vorname","nome"
DocType: Anfrage,"Nachname","cognome"
DocType: Anfrage,"Geburtsdatum","data di nascita"
DocType: Anfrage,"Telefon","telefono"
DocType: Anfrage,"Mobile","cellulare"
DocType: Anfrage,"E-Mail","e-mail"
DocType: Anfrage,"Kundenstamm anlegen","creare i dati di base del cliente"
DocType: Anfrage,"Strasse und Hausnummer","strada e numero civico"
DocType: Anfrage,"Adress Zusatz","indirizzo aggiuntivo"
DocType: Anfrage,"Postleitzahl","codice postale"
DocType: Anfrage,"Ort","luogo"
DocType: Anfrage,"Kanton","Cantone"
DocType: Anfrage,"Keine Angabe","nessuna informazione"
DocType: Anfrage,"Krankenkasse","cassa malati"
DocType: Anfrage,"Links zu Kunden Daten","Links ai dati del cliente"
DocType: Anfrage,"Kunde","cliente"
DocType: Anfrage,"Kunden Kontakt","contatto cliente"
DocType: Anfrage,"Kunden Adresse","indirizzo cliente"
DocType: Anfrage,"Mitgliedschaft","affiliamento"
DocType: Anfrage,"Angaben Angehörige","informazioni parenti"
DocType: Anfrage,"Vorname (Ang.)","nome (par.)"
DocType: Anfrage,"Nachname (Ang.)","cognome (par.)"
DocType: Anfrage,"Geburtsdatum (Ang.)","data di nascita (par.)"
DocType: Anfrage,"Telefon (Ang.)","telefono (par.)"
DocType: Anfrage,"Mobile (Ang.)","cellulare (par.)"
DocType: Anfrage,"E-Mail (Ang.)","e-mail (par.)"
DocType: Anfrage,"Strasse und Hausnummer (Ang.)","Via e numero civico (par.)"
DocType: Anfrage,"Adress Zusatz (Ang.)","indirizzo aggiuntivo (par.)"
DocType: Anfrage,"PLZ (Ang.)","codice postale (par.)"
DocType: Anfrage,"Ort (Ang.)","luogo (par.)"
DocType: Anfrage,"Kanton (Ang.)","Cantone (par.)"
DocType: Anfrage,"Links zu Angehörige","links parenti"
DocType: Anfrage,"Angehörige","parenti"
DocType: Anfrage,"Angehörige Kontakt","contatto parenti"
DocType: Anfrage,"Angehörige Adresse","indirizzo parenti"
DocType: Anfrage,"Gesetzlicher Vertreter 1","rappresentante legale 1"
DocType: Anfrage,"Vorname (Ges.-Ver. 1)","nome (rappr. leg. 1)"
DocType: Anfrage,"Nachname (Ges.-Ver. 1)","cognome (rappr. leg. 1)"
DocType: Anfrage,"Geburtsdatum (Ges.-Ver. 1)","data di nascita (rappr. leg. 1)"
DocType: Anfrage,"Telefon (Ges.-Ver. 1)","telefono (rappr. leg. 1)"
DocType: Anfrage,"Mobile (Ges.-Ver. 1)","cellulare (rappr. leg. 1)"
DocType: Anfrage,"E-Mail (Ges.-Ver. 1)","e-mail (rappr. leg. 1)"
DocType: Anfrage,"Strasse und Hausnummer (Ges.-Ver. 1)","Via e numero civico  (rappr. leg. 1)"
DocType: Anfrage,"Adress Zusatz (Ges.-Ver. 1)","indirizzo aggiuntivo (rappr. leg. 1)"
DocType: Anfrage,"PLZ (Ges.-Ver. 1)","codice postale (rappr. leg. 1)"
DocType: Anfrage,"Ort (Ges.-Ver. 1)","luogo"
DocType: Anfrage,"Kanton (Ges.-Ver. 1)","Cantone"
DocType: Anfrage,"Gesetzlicher Vertreter 2","rappresentante legale 2"
DocType: Anfrage,"Vorname (Ges.-Ver. 2)","nome (rappr. leg. 2)"
DocType: Anfrage,"Nachname (Ges.-Ver. 2)","cognome (rappr. leg. 2)"
DocType: Anfrage,"Geburtsdatum (Ges.-Ver. 2)","data di nascita (rappr. leg. 2)"
DocType: Anfrage,"Telefon (Ges.-Ver. 2)","telefono (rappr. leg. 2)"
DocType: Anfrage,"Mobile (Ges.-Ver. 2)","cellulare (rappr. leg. 2)"
DocType: Anfrage,"E-Mail (Ges.-Ver. 2)","e-mail (rappr. leg. 2)"
DocType: Anfrage,"Strasse und Hausnummer (Ges.-Ver. 2)","Via e numero civico (rappr. leg. 2)"
DocType: Anfrage,"Adress zusatz (Ges.-Ver. 2)","indirizzo aggiuntivo (rappr. leg. 2)"
DocType: Anfrage,"PLZ (Ges.-Ver. 2)","codice postale (rappr. leg. 2)"
DocType: Anfrage,"Ort (Ges.-Ver. 2)","luogo (rappr. leg. 2)"
DocType: Anfrage,"Kanton (Ges.-Ver. 2)","Cantone (rappr. leg. 2)"
DocType: Anfrage,"Links zu Gesetzlicher Vertreter","links rappresentante legale "
DocType: Anfrage,"Gesetzlicher Vertreter 1","rappresentante legale 1"
DocType: Anfrage,"Gesetzlicher Vertreter 1 Kontakt","contatto rappresentante legale 1 "
DocType: Anfrage,"Gesetzlicher Vertreter 1 Adresse","indirizzo rappresentante legale 1"
DocType: Anfrage,"Gesetzlicher Vertreter 2","rappresentante legale 2"
DocType: Anfrage,"Gesetzlicher Vertreter 2 Kontakt","contatto rappresentante legale 2 "
DocType: Anfrage,"Gesetzlicher Vertreter 2 Adresse","indirizzo rappresentante legale 2"
DocType: Anfrage,"Auftraggeber","mandante"
DocType: Anfrage,"Erfasste Kontaktdaten","dati di contatto registrati"
DocType: Anfrage,"<div>Bitte wählen Sie untenstehend eine RSV, eine Adresse und ein Kontakt aus.</div>","<div>Prego scelga di seguito un'ass. giur., un indirizzo e un contatto</div>"
DocType: Anfrage,"Links zu Auftraggeber","links mandante"
DocType: Anfrage,"Auftraggeber","mandante"
DocType: Anfrage,"Auftraggeber Kontakt","contatto mandante"
DocType: Anfrage,"Auftraggeber Adresse","indirizzo mandante"
DocType: Anfrage,"Auftraggeber Referenznummer","numero di riferimento del mandante"
DocType: Anfrage,"Angaben zur Anfrage","informazioni sulla richiesta"
DocType: Anfrage,"Grundlage der Anfrage","nozioni di base della richiesta"
DocType: Anfrage,"Sachverhalt / Thema","fatti/tematica"
DocType: Anfrage,"Rat","consiglio"
DocType: Anfrage,"Fusszeile","piè di pagina"
DocType: Anfrage,"Zeiterfassung","registrazione dell'orario di lavoro"
DocType: Anfrage,"Standardzeiten","tempi standard"
DocType: Anfrage,"Total verbuchte Zeit (in h)","tempo totale registrato (ore)"
DocType: Anfrage,"Zeiten Übersicht","panoramica dei tempi"
DocType: Anfrage,"<div>Es wurden keine Zeiten erfasst</div>","<div>non sono stati registrati orari</div>"
DocType: Auto Assign,"Dokument - Aufgabe","documento - compito"
DocType: Auto Assign,"Anfrage - Neu Anlage Mitglied","richiesta - creare nuovo membro"
DocType: Auto Assign,"Anfrage - Mutation Mitglied","richiesta - mutazione membro"
DocType: Auto Assign,"User","user"
DocType: Auto Assign,"Fallback User","utente di sostituzione"
DocType: Einstellungen,"Limiten","limiti"
DocType: Einstellungen,"Aufwandsgrenze Anfrage","limite della domanda"
DocType: Einstellungen,"Aufwandsgrenze Mandat","limite del mandato "
DocType: Einstellungen,"Maximaler Mitgliedsunterbruch","sospensione massima dell'adesione"
DocType: Einstellungen,"Timesheet defaults","impostazioni predefinite del Timesheet"
DocType: Einstellungen,"Default Zeiten","orari predefiniti"
DocType: Einstellungen,"Auto Assign","assegnazione automatica"
DocType: Einstellungen,"Auto Assign Users","assegnazione automatica utenti"
DocType: Einstellungen,"Rechnungslauf","ciclo di fatturazione"
DocType: Einstellungen,"Vorlauf (in Tagen)","anticipo (in giorni)"
DocType: Einstellungen,"Zahlungsfrist","termine di pagamento"
DocType: Freies Schreiben,"Adressat","indirizzo"
DocType: Freies Schreiben,"Empfänger","destinatario"
DocType: Freies Schreiben,"Kontakt","contatto"
DocType: Freies Schreiben,"Adresse","indirizzo"
DocType: Freies Schreiben,"Mandat","mandato"
DocType: Freies Schreiben,"Adresse","indirizzo"
DocType: Freies Schreiben,"Inhalt","contenuto"
DocType: Freies Schreiben,"Textkonserve","moduli di testo"
DocType: Freies Schreiben,"Freitext","testo libero"
DocType: Freies Schreiben,"Fusszeile","piè di pagina"
DocType: Mandat,"Zurück zur Anfrage","torna alla richiesta"
DocType: Mandat,"Verwendet","utilizzato"
DocType: Mandat,"Ausstehend","pendente"
DocType: Mandat,"Auswertung Kostendach (in CHF)","valutazione del tetto dei costi (CHF)"
DocType: Mandat,"Datum","data"
DocType: Mandat,"Arbeitsinhalt","contenuto del lavoro"
DocType: Mandat,"Korrespondenz","corrispondenza"
DocType: Mandat,"Telefonat","telefonata"
DocType: Mandat,"Aktenstudium","studio degli atti"
DocType: Mandat,"Organisation der juristischen Beratung","organizzazione della consulenza giuridica"
DocType: Mandat,"Juristische Beratung","consulenza giuridica"
DocType: Mandat,"Recherche Facharzt","ricerca medico specialista"
DocType: Mandat,"Organisation Facharzt","organizzazione medico specialista"
DocType: Mandat,"Interne fachliche Besprechung","discussione interna del caso"
DocType: Mandat,"Sonstiges","altro"
DocType: Mandat,"Bemerkung","commento"
DocType: Mandat,"Arbeitszeit (in h)","orario di lavoro (in ore)"
DocType: Mandat,"Arbeitszeit erfassen","registrare le ore di lavoro"
DocType: Mandat,"Erfassen","registrare"
DocType: Mandat,"Sie können nur Ihre eigene Timesheets bearbeiten.","può solo modificare il suo Timesheet."
DocType: Mandat,"Nicht Ihr Timesheet","non é il suo Timesheet"
DocType: Mandat,"Vorname","nome (rapp. leg. 1)"
DocType: Mandat,"Nachname","cognome"
DocType: Mandat,"Rat","consiglio"
DocType: Mandat,"bestätigung Erhalt Unterlagen","conferma degli atti ricevuti"
DocType: Mandat,"Sachstandbericht alle 3 Monate","Rapporto della situazione ogni 3 mesi"
DocType: Mandat,"Am","al"
DocType: Mandat,"Telefon mit VN","telefono con l'assicurato "
DocType: Mandat,"Vollmacht mit Begleitbrief","procura von lettera di accompagnamento"
DocType: Mandat,"Pat. Dossier anfordern","richiesta dossier paziente"
DocType: Mandat,"...mahnen per Tel.","…sollecitazione per telefono"
DocType: Mandat,"...schriftlich mahnen","…sollecitazione per iscritto"
DocType: Mandat,"Aktenstudium","studio degli atti"
DocType: Mandat,"Ausgangslage","situazione di partenza"
DocType: Mandat,"...Bericht","…rapporto"
DocType: Mandat,"...Triage mit Kurzbeurteilung","…triage con valutazione corta"
DocType: Mandat,"Facharzt - Fragen","domande - specialista"
DocType: Mandat,"...Dossier an FA","…dossier al medico specialista"
DocType: Mandat,"Bericht fertigstellen","finalizzare il rapporto"
DocType: Mandat,"Tel mit VN - das weitere Procedere besprechen","tel. con l'assicurato - discutere il procedimento"
DocType: Mandat,"RSV Bericht - Empfehlung","relazione per l' ass. giuridica, raccomandazione"
DocType: Mandat,"Einladung med. - jur. Beratung","invito consulenza medica.giuridica"
DocType: Mandat,"med. - jur. Beratung am","consulenza medica-giuridica al"
DocType: Mandat,"Abschluss an RSV","conclusione all'ass. giuridica"
DocType: Mandat,"Rechnung","fattura"
DocType: Mandat,"Zeiterfassung","conteggio del tempo"
DocType: Mandat,"Standardzeiten","orari standard"
DocType: Mandat,"Total verbuchte Zeit (in h)","totale delle ore registrate (h)"
DocType: Mandat,"Kostengutschsprache","garanzia dei costi"
DocType: Mandat,"Maximale Aufwandsgrenze (in CHF)","limite massimo di prestazione (in CHF)"
DocType: Mandat,"Stundensatz","tariffa oraria"
DocType: Mandat,"Zeiten Übersicht","panoramica die tempi"
DocType: Mandat,"<div>Es wurden keine Zeiten erfasst</div>","<div>non sono stati registrat orari</div>"
DocType: Mandat,"Allgemeine Übersicht","panoramica generale"
DocType: Mandat,"Anfragen","richieste"
DocType: Mandat,"Referenzen Kunde","referenze cliente"
DocType: Mandat,"Mitgliedschaft","affiliamento"
DocType: Mandat,"Kunde","cliente"
DocType: Mandat,"Kunden Kontakt","contatto cliente"
DocType: Mandat,"Kunde Adresse","indirizzo cliente"
DocType: Mandat,"Referenzen Angehörige","referenze parenti"
DocType: Mandat,"Angehörige","parenti"
DocType: Mandat,"Angehörige Kontakt","contatto parenti"
DocType: Mandat,"Angehörige Adresse","indirizzo parenti"
DocType: Mandat,"Referenzen Gesetzliche Vertreter","referenze rappresentante legale"
DocType: Mandat,"Gesetzlicher Vertreter 1","rappresentante legale 1"
DocType: Mandat,"Gesetzlicher Vertreter 1 Kontakt","contatto rappresentante legale 1"
DocType: Mandat,"Gesetzlicher Vertreter 1 Adresse","indirizzo rappresentante legale 1"
DocType: Mandat,"Gesetzlicher Vertreter 2","rappresentante legale 2"
DocType: Mandat,"Gesetzlicher Vertreter 2 Kontakt","contatto rappresentante legale 2 "
DocType: Mandat,"Gesetzlicher Vertreter 2 Adresse","indirizzo rappresentante legale 2"
DocType: Mandat,"Referenzen Auftraggeber","referenze mandante"
DocType: Mandat,"Referenznummer","numero di riferimento"
DocType: Mandat,"RSV","assicurazione giuridica"
DocType: Mandat,"Auftraggeber Name","nome del mandante"
DocType: Mandat,"RSV Kontakt","contatto assicurazione giuridica"
DocType: Mandat,"RSV Adresse","indirizzo assicurazione giuridica"
DocType: Medizinischer Bericht,"Zurück zum Mandat","torna al mandato"
DocType: Medizinischer Bericht,"Datum","data"
DocType: Medizinischer Bericht,"Arbeitszeit (in h)","orario di lavoro (in ore)"
DocType: Medizinischer Bericht,"Arbeitszeit erfassen","registrare l'orario di lavoro"
DocType: Medizinischer Bericht,"Erfassen","registrare"
DocType: Medizinischer Bericht,"<h1>Patienten Daten anonymisieren</h1>","<h1>anonimizzare i dati del paziente</h1>"
DocType: Medizinischer Bericht,"Deckblatt sowie Disclaimer andrucken","stampare copertina e il Disclaimer "
DocType: Medizinischer Bericht,"Deckblatt Details","dettagli copertina"
DocType: Medizinischer Bericht,"Klient(in)","cliente"
DocType: Medizinischer Bericht,"Berater(in)","consulente"
DocType: Medizinischer Bericht,"Juristische Beratung","consulenza giuridica"
DocType: Medizinischer Bericht,"Name des anwalts","nome dell'avvocato"
DocType: Medizinischer Bericht,"Instutition","istituzione"
DocType: Medizinischer Bericht,"Mandat angenommen","mandato accettato"
DocType: Medizinischer Bericht,"Ja","si"
DocType: Medizinischer Bericht,"Nein","no"
DocType: Medizinischer Bericht,"Rechtsschutzversicherung","assicurazione giuridica"
DocType: Medizinischer Bericht,"RSV Kontakt","contatto ass. giuridica"
DocType: Medizinischer Bericht,"Fristwahrung","termine di scadenza"
DocType: Medizinischer Bericht,"Gutachter","perito"
DocType: Medizinischer Bericht,"Facharzt für...","specialista in…"
DocType: Medizinischer Bericht,"Problemstellung","situazione del problema"
DocType: Medizinischer Bericht,"Diagnose/n","diagnosi"
DocType: Medizinischer Bericht,"Operation/en","operazione/i"
DocType: Medizinischer Bericht,"Behandelnder Arzt","medico curante"
DocType: Medizinischer Bericht,"Verantwortlicher Arzt aus Sicht der Patientin / des Patienten","medico responsabile dalla vista del/della paziente"
DocType: Medizinischer Bericht,"Ausgangslage","situazione iniziale"
DocType: Medizinischer Bericht,"Sollen die Bemerkungen der Ausgangslage gedruckt werden?","devono essere stampate le osservazioni della situazione iniziale? "
DocType: Medizinischer Bericht,"Nur falls nötig: Korrespondenz (Haftpflichtversicherung etc)","solo se necessario: corrispondenza (responsabilità civile ecc.)"
DocType: Medizinischer Bericht,"Sollen die Bemerkungen der Korrespondenz gedruckt werden?","devono essere stampati I commenti della corrispondenza?"
DocType: Medizinischer Bericht,"Bemerkung","commenti"
DocType: Medizinischer Bericht,"Situation heute","situazione odierna"
DocType: Medizinischer Bericht,"Beurteilung","valutazione"
DocType: Medizinischer Bericht,"Fragestellung","domande"
DocType: Medizinischer Bericht,"Fazit","fazit"
DocType: Medizinischer Bericht,"Beilagen","allegati"
DocType: Medizinischer Bericht,"Empfehlung","consiglio"
DocType: Medizinischer Bericht,"Jur. Vorgehen empfohlen","procedimento legale consigliato"
DocType: Medizinischer Bericht,"Jur. Vorgehen nicht empfohlen","procedimento legale sconsigliato"
DocType: Medizinischer Bericht,"Anderes","altro"
DocType: Medizinischer Bericht,"Checkliste","lista di controllo"
DocType: Medizinischer Bericht,"Alle Aufklärungsprotokolle verlangt?","richiesti tutti i protocolli informativi?"
DocType: Medizinischer Bericht,"Sorgfalt?","cautela?"
DocType: Medizinischer Bericht,"Kausalität?","causalità?"
DocType: Medizinischer Bericht,"Schaden? Höhe? Bleibend?","danni? ammontare? rimanenti?"
DocType: Medizinischer Bericht,"Empfehlung?","raccomandazione?"
DocType: Medizinischer Bericht,"Fusszeile","piè di pagina"
DocType: Medizinischer Bericht,"Referenzen","referenze"
DocType: Medizinischer Bericht,"Mandat","mandato"
DocType: Medizinischer Bericht Ausgangslage,"Datum","data"
DocType: Medizinischer Bericht Ausgangslage,"Art Dokument Beilage","tipo di documento allegato"
DocType: Medizinischer Bericht Ausgangslage,"Genauer Wortlaut aus der Krankengeschichte","citazione esatta tratta dall'anamnesi"
DocType: Medizinischer Bericht Ausgangslage,"Bemerkung","commento"
DocType: Medizinischer Bericht Korrspondenz,"Datum","data"
DocType: Medizinischer Bericht Korrspondenz,"Art Dokument Beilage","tipo di documento allegato"
DocType: Medizinischer Bericht Korrspondenz,"Genauer Wortlaut","citazione esatta"
DocType: Medizinischer Bericht Korrspondenz,"Bemerkung","commento"
DocType: Mitglieder Rechnungslauf,"<br>Durch das Buchen werden für alle aufgeführten Mitgliedschaften eine neue einjährige Mitgliedschaft sowie jeweils eine Mitgliederrechnung erstellt.<br>Die maximale Anzahl Mitgliedschaften die pro Rechnungslauf verarbeitet werden können liegt bei 500.","<br>tramite la registrazione, viene creata una nuova adesione di un anno come anche una fattura membro, per tutte le adesioni elencate.<br>Il numero massimo di affiliazioni che può essere elaborato è di 500."
DocType: Mitglieder Rechnungslauf,"<br>Das System erstellt für alle aufgeführten Mitgliedschaften eine neue einjährige Mitgliedschaft sowie jeweils eine Mitgliederrechnung und verbucht diese.<br>Sie können den Fortschrit --><a href='/desk#background_jobs'>hier</a><-- verfolgen.<br>Im Anschluss wird das System ein PDF generieren Welches alle hierbei erstellten Rechnungen beinhaltet und heruntergeladen werden kann.","<br>Il sistema crea una nuova adesione annuale per tutte le adesioni elencate incluso una fattura membro per ciascuna di esse registrandola.<br> Puoi seguire il progresso --><a href='/desk#background_jobs'>qui</a><--.<br> Successivamente, il sistema genererà un PDF  con tutte le fatture create il quale può essere scaricato."
DocType: Mitglieder Rechnungslauf,"<br>Das System hat für alle aufgeführten Mitgliedschaften eine neue einjährige Mitgliedschaft sowie jeweils eine Mitgliederrechnung erstellt und verbucht.<br>Nun erstellt das System für alle soeben erstellten/verbuchten Rechnungen ein PDF, Sie können den Fortschrit --><a href='/desk#background_jobs'>hier</a><-- verfolgen.<br>Sobald der Backgroundjob abgeschlossen ist können Sie das erstellte PDF herunterladen.","<br>Il sistema ha creato e iscritto per tutte le affiliazioni elencate una nuova adesione annuaria, come anche una fattura per ogni membro, registrandola.<br>Ora il sistema crea un PDF per tutte le fatture appena create/registrate, potete seguire il progresso --><a href='/desk#background_jobs'>qui</a><--.<br>potete scaricare il PDF non appena il lavoro background è finito "
DocType: Mitglieder Rechnungslauf,"Rechnungen als PDF","fatture in PDF"
DocType: Mitglieder Rechnungslauf,"<br>Das System erstellt für alle aufgeführten Mitgliedschaften eine neue einjährige Mitgliedschaft sowie jeweils eine Mitgliederrechnung.<br>Sie können den Fortschrit --><a href='/desk#background_jobs'>hier</a><-- verfolgen.<br>Sobald der Backgroundjob abgeschlossen ist müssen Sie die Rechnungen verbuchen, drucken und versenden.","<br>Il sistema crea una nuova adesione annuale per tutte le adesioni elencate come anche una fattura di adesione per ciascuna di esse .<br><a href='/desk#background_jobs'>può seguire i progressi qui</a>.<br>Non appena il lavoro background è completato, deve registrare, stampare e inviare le fatture."
DocType: Mitglieder Rechnungslauf,"Speichern Sie diesen Rechnungslauf um alle auslaufenden Mitgliedschaften zu laden.","memorizza questa fatturazione per caricare tutte le adesioni in scadenza."
DocType: Mitglieder Rechnungslauf,"Es sind keine auslaufende Mitgliedschaften vorhanden.","non ci sono adesioni in scadenza."
DocType: Mitglieder Rechnungslauf,"Datum","data"
DocType: Mitglieder Rechnungslauf,"Rechnungen direkt verbuchen und PDF erstellen","registrare direttamente le fatture e creare un PDF"
DocType: Mitglieder Rechnungslauf,"Rechnungen erstellt","fatture create"
DocType: Mitglieder Rechnungslauf,"PDF erstellt","creato un PDF"
DocType: Mitglieder Rechnungslauf,"Auslaufende Mitgliedschaften","affiliazioni in scadenza"
DocType: Mitgliedschaft,"Erstelle Rechnung","crea una fattura"
DocType: Mitgliedschaft,"Die Rechnung wurde erfolgreich erstellt<br>Bitte nehmen Sie noch die Verbuchung sowie den Versand vor.","la fattura è stata creata con successo <br> si prega di effettuare l'invio e la spedizione."
DocType: Mitgliedschaft,"Rechnung wurde erstellt","la fattura è stata creata"
DocType: Mitgliedschaft,"Mitglied","membro"
DocType: Mitgliedschaft,"Start","start"
DocType: Mitgliedschaft,"Rechnung","fattura"
DocType: Mitgliedschaft,"Rechnung an Dritte","fattura a terzi"
DocType: Mitgliedschaft,"Rechnungsempfänger","destinatario della fattura"
DocType: Mitgliedschaft,"Mitgliedschafts Typ","tipo di affiliazione"
DocType: Mitgliedschaft,"Einzelmitglied","membro individuale"
DocType: Mitgliedschaft,"Familienmitglied","membro famiglia "
DocType: Mitgliedschaft,"Passiv-/Kollektivmitglied","membro passivo/collettivo"
DocType: Mitgliedschaft,"Freimitglied","membro libero"
DocType: Mitgliedschaft,"Ende","fine"
DocType: Mitgliedschaft,"Nicht verlängern","non prolungare"
DocType: Mitgliedschaft,"Verlängerte Mitgliedschaft","affiliamento prolungato"
DocType: SPO TS Defaults,"Dokument","documento "
DocType: SPO TS Defaults,"Anfrage","richiesta"
DocType: SPO TS Defaults,"Mandat","mandato"
DocType: SPO TS Defaults,"Anforderung Patientendossier","richiesta del'anamnesi del paziente"
DocType: SPO TS Defaults,"Medizinischer Bericht","referto medico"
DocType: SPO TS Defaults,"Triage","triage"
DocType: SPO TS Defaults,"Vollmacht","procura"
DocType: SPO TS Defaults,"Abschlussbericht","rapporto finale"
DocType: SPO TS Defaults,"Default Zeit (in Stunden)","tempo predefinito (ore)"
DocType: SPO Zeiterfassung Beratung Mandate,"SPO Referenz","referenze OSP"
DocType: SPO Zeiterfassung Beratung Mandate,"Arbeit","lavoro"
DocType: SPO Zeiterfassung Beratung Mandate,"Dauer","durata"
DocType: SPO Zeiterfassung Beratung Mandate,"Referenz","referenza"
DocType: SPO Zeiterfassung Beratung Mandate,"SPO Dokument","documento OSP"
DocType: SPO Zeiterfassung Beratung Mandate,"Mandat","mandato"
DocType: SPO Zeiterfassung Beratung Mandate,"Beratung","consulenza"
DocType: SPO Zeiterfassung Diverses,"Activity Type","tipo di attività"
DocType: SPO Zeiterfassung Diverses,"Dauer","durata"
DocType: SPO Zeiterfassung Diverses,"Referenz","referenza"
DocType: SPO Zeiterfassung Pause,"Von","da"
DocType: SPO Zeiterfassung Pause,"Dauer","durata"
DocType: SPO Zeiterfassung Pause,"Referenz","referenza"
DocType: Telefon Triage,"Bitte suchen Sie zuerst nach einem möglichen Mitglied.","si prega di cercare prima un possibile membro."
DocType: Telefon Triage,"Fehlender Kunde","cliente mancante"
DocType: Telefon Triage,"Vollständige Treffer","risultato assoluto"
DocType: Telefon Triage,"<div><p>Keine vollständige Treffer</p></div>","<div><p>nessun risultato assoluto</p></div>"
DocType: Telefon Triage,"Zutreffende Kontakte","contatti applicabili"
DocType: Telefon Triage,"<div><p>Keine zutreffende Kontakte</p></div>","<div><p>contatti non applicabili</p></div>"
DocType: Telefon Triage,"Zutreffende Adressen","indirizzi applicabili"
DocType: Telefon Triage,"<div><p>Keine zutreffende Adressen</p></div>","<div><p>indirizzi non applicabili</p></div>"
DocType: Telefon Triage,"Daten übernehmen","inserire i dati"
DocType: Telefon Triage,"Mitglieder Suche","ricerca membro"
DocType: Telefon Triage,"Vorname","nome"
DocType: Telefon Triage,"Nachname","cognome"
DocType: Telefon Triage,"Geburtsdatum","data di nascita"
DocType: Telefon Triage,"Strasse und Hausnummer","Via e numero civico"
DocType: Telefon Triage,"Postleitzahl","codice postale"
DocType: Telefon Triage,"Ort","luogo"
DocType: Telefon Triage,"Kanton","Cantone"
DocType: Telefon Triage,"Referenzen","referenze"
DocType: Telefon Triage,"Kunde","cliente"
DocType: Telefon Triage,"Kontakt","contatto"
DocType: Telefon Triage,"Adresse","indirizzo"
DocType: Telefon Triage,"Mitgliedschaft","affiliazione"
DocType: Textbausteine,"Titel","titolo"
DocType: Textbausteine,"Dokument","documento"
DocType: Textbausteine,"Abschlussbericht","rapporto finale"
DocType: Textbausteine,"Anforderung Patientendossier","richiesta anamnesi del paziente"
DocType: Textbausteine,"Vollmacht - Titelzeile","procura-linea titolo"
DocType: Textbausteine,"Vollmacht - Begleitbrief","procura con lettera di accompagnamento"
DocType: Textbausteine,"Freies Schreiben","scritto libero"
DocType: Textbausteine,"Mitarbeiter","dipendenti"
DocType: Textbausteine,"Textkonserve","moduli di testo"
DocType: Triage,"Zurück zum Mandat","torna al mandato"
DocType: Triage,"Datum","data"
DocType: Triage,"Arbeitszeit (in h)","orario di lavoro (ore)"
DocType: Triage,"Arbeitszeit erfassen","registrare le ore di lavoro"
DocType: Triage,"Erfassen","registrare"
DocType: Triage,"<h1>Patienten Daten anonymisieren</h1>","<h1>anonimizzare i dati del paziente</h1>"
DocType: Triage,"Patienten Daten beim Druck verbergen","celare i dati del paziente durante la stampa"
DocType: Triage,"Disclaimer drucken","stampare il Disclaimer"
DocType: Triage,"Problemstellung","problema"
DocType: Triage,"Fragestellung","domanda"
DocType: Triage,"Beurteilung","valutazione"
DocType: Triage,"Bemerkung","commento"
DocType: Triage,"Fazit","conclusione"
DocType: Triage,"Empfehlung","consiglio"
DocType: Triage,"Jur. Vorgehen empfohlen","procedura giuridica consigliata/raccomandata"
DocType: Triage,"Jur. Vorgehen nicht empfohlen","procedura giuridica non consigliata/raccomandata"
DocType: Triage,"Anderes","altro"
DocType: Triage,"Checkliste","lista di controllo"
DocType: Triage,"Alle Aufklärungsprotokolle verlangt?","richiesto tutti i protocolli informativi"
DocType: Triage,"Sorgfalt?","in modo accurato"
DocType: Triage,"Kausalität?","causalità?"
DocType: Triage,"Schaden? Höhe? Bleibend?","danno? importo? permanente?"
DocType: Triage,"Empfehlung?","consiglio"
DocType: Triage,"Fusszeile","piè di pagina"
DocType: Triage,"Referenzen","referenze"
DocType: Triage,"Mandat","mandato"
DocType: Vollmacht,"Zurück zum Mandat","tornare al mandato"
DocType: Vollmacht,"Datum","data"
DocType: Vollmacht,"Arbeitszeit (in h)","orario di lavoro (in ore)"
DocType: Vollmacht,"Arbeitszeit erfassen","registrare l'orario di lavoro"
DocType: Vollmacht,"Erfassen","registrare"
DocType: Vollmacht,"<p>Sehr geehrte ...</p><p>Wir wenden uns schriftlich an Sie, da wir Sie telefonisch nicht erreichen konnten.</p><p>Wir wurden von Ihrer Rechtsschutzversicherung (Name der Vers.)  beauftragt die Behandlung vom (Datum und wer/wo) abzuklären.Damit wir aktiv werden können, sende ich Ihnen die Vollmacht zur Unterschrift. Bitte prüfen Sie das Formular insbesondere das Fettgedruckte auf die Richtigkeit und schicken Sie nach Unterschrift ein Exemplar im beigelegten Couvert wieder zurück an die SPO.Eine Vollmacht gilt als Kopie und geht zu ihren Akten.</p><p>Ich wäre sehr froh, wenn Sie mich telefonisch kontaktieren könnten. Sie erreichen mich jeweils mittwochs (10-12 Uhr und 14-16 Uhr) im Büro Zürich unter der Tel. Nr.: 044 252 522.</p><p>Freundliche Grüsse<br><br><br></p><p>... ...<br>Beratung SPO</p>","<p>Gentile ...</p><p>Ci rivolgiamo a lei siccome non siamo riusciti a raggiungerla per telefono.</p><p>Siamo stati contattati dalla sua assicurazione giuridica (nome dell'ass.) con l'incarico di chiarire il trattamento del (data e chi/dove). Per poter diventar attivi, le invio il formulario procura e mandato da firmare. La prego di leggerlo attentamente sulla sua correttezza, compilarlo, firmarlo e ritornare una copia a noi nella busta allegata, la seconda è a vostra disposizione.</p><p>Le sarei grata se mi potrebbe contattare per telefono, mi raggiunge, sempre di giovedì dalle 10.00 alle 12.00 e dalle 14.00 alle 16.00, nr. di tel. 091 826 11 28.</p><p>Cordiali Saluti<br><br><br></p><p>... ...<br>Consulenza OSP</p>"
DocType: Vollmacht,"<p><b>Abklärungen im Zusammenhang mit</b> (dem Eingriffes/ der Operation) <b>vom</b> (Datum)  <b>im Spital XY</b> (Ort) <b>samt</b> (Folgen) oder (inkl. Vor- und Nachbehandlung)<b>.</b></p>","<p><b>Chiarificazioni in relazione </b> (all'intervento/ all'operazione) <b>del</b> (data)  <b>nell'ospedaleXY</b> (luogo) <b>incluso</b> (conseguenze) oppure (incluso pre-trattamento e post)<b>.</b></p>"
DocType: Vollmacht,"<p><b>Abklärung der medizinischen Behandlung vom</b> (Datum) <b>im Spital XY</b> (Ort) <b>samt Folgen im Zusammenhang mit dem Todesfall betreffend Herrn/Frau/des Kindes</b> (fett: † Name, geb*   – gest., Adresse) <b>insbesondere vollständige Einsicht in die damit verbundenen Akten.</b></p>","<p><b>Chiarificazioni del trattamento medico del</b> (data) <b>nell'ospedale XY</b> (luogo) <b>incluso le conseguenze in relazione al decesso del/della Signore/Signora/figlio/figlia </b> (grassetto: † nome, data di nascita*– decesso, indirizzo) <b>specialmente la visione completa degli atti legati all'accaduto.</b></p>"
DocType: Vollmacht,"Ja","si"
DocType: Vollmacht,"Adressat","destinatario"
DocType: Vollmacht,"RSV?","ass. giur.?"
DocType: Vollmacht,"Todesfall?","decesso?"
DocType: Vollmacht,"Verstorben am","deceduto il"
DocType: Vollmacht,"Auftrags-, Vollmachts-Erteilung","concedere la procura e il mandato "
DocType: Vollmacht,"Name, Vorname","cognome, nome"
DocType: Vollmacht,"Postleitzahl","codice postale"
DocType: Vollmacht,"Geburtsdatum","data di nascita"
DocType: Vollmacht,"E-Mail","e-mail"
DocType: Vollmacht,"Daten von Hand überschreiben","sovrascrivere i dati manualmente"
DocType: Vollmacht,"Beziehungsverhältniss","forme di relazione"
DocType: Vollmacht,"Ehefrau des… Tochter des etc.","moglie del…figlia del ecc."
DocType: Vollmacht,"Adresse","indirizzo"
DocType: Vollmacht,"Wohnort","luogo di residenza"
DocType: Vollmacht,"Telefon","telefono"
DocType: Vollmacht,"Berater/in","consulente"
DocType: Vollmacht,"Textkonserve","modello di testo"
DocType: Vollmacht,"Titelzeile","linea titolo"
DocType: Vollmacht,"Textkonserve","modello di testo"
DocType: Vollmacht,"Begleitbrief","lettera d'accompagnamento"
DocType: Vollmacht,"Fusszeile","piè di pagina"
DocType: Vollmacht,"Referenzen","referenze"
DocType: Vollmacht,"Mandat","mandato"
DocType: Vollmacht,"Kunde","cliente"
DocType: Vollmacht,"Kunden Adresse","indirizzo cliente"
DocType: Vollmacht,"Kunden Kontakt","contatto cliente"
DocType: Vollmacht,"Angehörige","parenti"
DocType: Vollmacht,"Angehörige Adresse","indirizzo parenti"
DocType: Vollmacht,"Angehörige Kontakt","contatto parenti"
DocType: Vorjahressaldo,"Übertrag auf Jahr","riporto all'anno"
DocType: Vorjahressaldo,"Stunden","ore"
DocType: Zeiterfassung,"Zeiterfassung speichern","salvare il conteggio del tempo"
DocType: Zeiterfassung,"<div>Bitte zuerst eine(n) Mitarbeiter(in) und ein Timesheet auswählen.</div>","<div>per favore scegliere prima (un/una) consulente e il Timesheet.</div>"
DocType: Zeiterfassung,"Das timesheet wurde entsperrt, Sie können nun Änderungen vornehmen.","Il Timesheet è stato sbloccato, Ora è possibile fare delle modifiche."
DocType: Zeiterfassung,"TS entsperrt","TS sbloccato"
DocType: Zeiterfassung,"Das Timesheet wurde erstellt.","il Timesheet è stato creato."
DocType: Zeiterfassung,"Erstellung erfolgreich","creazione riuscita"
DocType: Zeiterfassung,"Der Stundenwert einer Zeitangabe kann 23 nicht übersteigen.<br>Der Stundenwert '","il valore orario di un'immissione di tempo non può superare 23.<br>il valore orario' "
DocType: Zeiterfassung,"' wurde durch '23' ersetzt.","è stato sostituito con '23'."
DocType: Zeiterfassung,"Der Minutenwert einer Zeitangabe kann 59 nicht übersteigen.<br>Der Minutenwert '","il valore del minuto di un'immissione di tempo non può superare 59.<br>il valore del minuto'"
DocType: Zeiterfassung,"' wurde durch '59' ersetzt.","è stato sostituito con '59'."
DocType: Zeiterfassung,"Der Sekundenwert einer Zeitangabe kann 59 nicht übersteigen.<br>Der Sekundenwert '","il valore del secondo di un'immissione di tempo non può superare 59.<br>il valore del secondo '"
DocType: Zeiterfassung,"' wurde durch '59' ersetzt.","è stato sostituito con '59'."
DocType: Zeiterfassung,"Der Stundenwert einer Zeitangabe kann 23 nicht übersteigen.<br>Der Stundenwert '","il valore orario di un'immissione di tempo non può superare 23.<br>il valore orario ' "
DocType: Zeiterfassung,"' wurde durch '23' ersetzt.","è stato sostituito con '23'."
DocType: Zeiterfassung,"Der Minutenwert einer Zeitangabe kann 59 nicht übersteigen.<br>Der Minutenwert '","il valore del minuto di un'immissione di tempo non può superare 59.<br>il valore del minuto '"
DocType: Zeiterfassung,"' wurde durch '59' ersetzt.","è stato sostituito con '59'."
DocType: Zeiterfassung,"Der Stundenwert einer Zeitangabe kann 23 nicht übersteigen.<br>Der Stundenwert '","il valore orario di un'immissione di tempo non può superare 23.<br>il valore orario ' "
DocType: Zeiterfassung,"' wurde durch '23' ersetzt.","è stato sostituito con '23'."
DocType: Zeiterfassung,"Die Validierung der Eingabe ist fehlgeschlagen.<br>Die Eingabe wurde durch '08:00:00' ersetzt.","la convalida dell'input non è riuscita.<br>l'input è stato sostituito tramite '08:00:00'."
DocType: Zeiterfassung,"Die Validierung der Eingabe ist fehlgeschlagen.<br>Die Eingabe wurde durch '08:00:00' ersetzt.","la convalida dell'input non è riuscita.<br>l'input è stato sostituito tramite '08:00:00'."
DocType: Zeiterfassung,"Die eingegebene Arbeitszeit übersteigt Mitternacht! Das kann/darf nicht sein.<br>Das Arbeitsende wurde auf '23:59:59' festgesetzt.","l'orario di lavoro inserito supera la mezzanotte! Questo non é possibile.<br>La fine del lavoro è stata impostata a '23:59:59'."
DocType: Zeiterfassung,"Dieses Timesheet wurde bereits verbucht und kann nur noch betrachtet werden.","questo Timesheet è già stato registrato e può essere solamente visionato."
DocType: Zeiterfassung,"Timesheet bereits verbucht","Timesheet già registrato"
DocType: Zeiterfassung,"Zeiterfassung updaten","aggiornare il conteggio del tempo"
DocType: Zeiterfassung,"Das Timesheet wurde angepasst.","il Timesheet è stato adattato."
DocType: Zeiterfassung,"Update erfolgreich","Update riuscito"
DocType: Zeiterfassung,"Das Timesheet wurde erstellt.","il Timesheet è stato creato."
DocType: Zeiterfassung,"Erstellung erfolgreich","creazione riuscita"
DocType: Zeiterfassung,"Die Summe von Beratungen, Mandatsarbeiten und diversen Arbeiten übersteigt Ihre Arbeitszeit.","la somma delle consultazioni, del lavoro su mandato e dei vari compiti supera il vostro orario di lavoro"
DocType: Zeiterfassung,"Arbeitszeit zu kurz","orario di lavoro troppo corto"
DocType: Zeiterfassung,"Dieses Dokument können Sie nicht speichern.<br>Bitte benutzen Sie die untenstehenden Schaltflächen.","non è possibile memorizzare questo documento.<br>Si prega di utilizzare i tasti sottostanti."
DocType: Zeiterfassung,"Kann nicht gepeichert werden","non può venir memorizzato"
DocType: Zeiterfassung,"Am gewählten Datum existiert für diese(n) Mitarbeiter(in) bereits ein Timesheet","per questo/a dipendente, alla data selezionata, esiste già un Timesheet "
DocType: Zeiterfassung,"Mandatsarbeit","lavoro su mandato"
DocType: Zeiterfassung,"Beratung","consulenza"
DocType: Zeiterfassung,"Arbeitszeit","orario di lavoro"
Module: SPO,"Telefon Triage","Triage telefono"
Module: SPO,"Alle Mandate in Arbeit","Mandati in corso"
Module: SPO,"Alle Anfragen","Tutte le richieste"
Module: SPO,"Adressliste","Lista indirizzi"
Module: SPO,"Mitgliedschaften","Affiliamenti"
Module: SPO,"Kunden","Clienti"
Module: SPO,"Rechnungen","Fatture"
Module: SPO,"Aktive Mitglieder per Stichtag","Membre attivi per scadenza"
Module: SPO,"Facharzt Bericht","Rapporto del medico"
Module: SPO,"Textbausteine","Modulo di testo"
Module: SPO,"Zeiterfassungs Manager","conteggio del tempo"
Module: SPO,"Rechnungsabgrenzung","Limite della fattura"
Module: SPO,"Mandatsverwaltung","Amministrazione dei mandati"
Module: SPO,"Mitgliederverwaltung","Amministrazione dei membri"
Module: SPO,"Protokolle & Checklisten","Protocolli & Liste check"
Module: SPO,"Buchhaltung","Contabilità"
Module: SPO,"Einstellungen","Impostazioni"
Module: SPO,"MwSt Deklaration","MwSt dichiarazione"
Module: SPO,"Adressliste SPO Aktuell","Lista indirizzi SPO Aktuell"
Module: SPO,"Spendenübersicht","Panoramica delle donazioni"
Module: SPO,"Timesheets Jahresrapport","Fogli di presenza Relazione annuale"
Module: SPO,"Payment Proposal","Proposta di pagamento"